datum,piste_10,piste_16,piste_28,piste_32,piste_34,anzahl_abfluege_total
01.02.26,0,38,202,81,2,323
02.02.26,0,44,245,33,0,322
03.02.26,0,20,160,98,5,283
04.02.26,0,40,228,28,4,300
05.02.26,0,33,240,33,7,313
06.02.26,0,52,243,39,3,337
07.02.26,0,47,192,69,1,309
08.02.26,0,39,230,51,3,323
09.02.26,0,48,257,35,0,340
10.02.26,0,42,241,23,2,308
11.02.26,0,1,0,314,5,320
12.02.26,0,2,39,274,8,323
13.02.26,0,46,268,51,2,367
14.02.26,0,49,224,79,3,355
15.02.26,0,62,212,63,0,337
16.02.26,0,0,0,342,7,349
17.02.26,0,8,88,223,5,324
18.02.26,0,41,234,36,2,313
19.02.26,0,45,247,39,0,331
20.02.26,0,20,184,159,4,367
21.02.26,0,0,0,350,4,354
22.02.26,0,24,220,99,3,346
23.02.26,0,5,108,230,2,345
24.02.26,0,28,272,35,1,336
25.02.26,0,35,264,36,2,337
26.02.26,0,28,279,43,1,351
27.02.26,0,36,287,49,4,376
28.02.26,0,27,131,146,4,308
01.01.26,0,31,193,91,0,315
02.01.26,0,32,261,66,0,359
03.01.26,0,32,216,107,5,360
04.01.26,0,33,208,111,1,353
05.01.26,0,35,267,39,2,343
06.01.26,0,27,191,79,1,298
07.01.26,0,25,222,35,2,284
08.01.26,0,38,249,13,1,301
09.01.26,0,0,0,309,4,313
10.01.26,0,40,190,44,4,278
11.01.26,0,33,206,91,2,332
12.01.26,0,35,239,31,2,307
13.01.26,0,26,213,27,2,268
14.01.26,0,28,229,31,1,289
15.01.26,0,27,258,32,3,320
16.01.26,0,34,249,39,4,326
17.01.26,0,28,196,66,0,290
18.01.26,0,35,229,86,2,352
19.01.26,0,37,332,8,7,384
20.01.26,0,24,265,10,5,304
21.01.26,0,31,264,17,4,316
22.01.26,0,36,319,21,12,388
23.01.26,0,52,330,13,7,402
24.01.26,0,40,174,76,1,291
25.01.26,0,27,209,81,3,320
26.01.26,0,33,231,33,0,297
27.01.26,0,31,226,26,1,284
28.01.26,0,44,234,30,1,309
29.01.26,0,39,233,37,1,310
30.01.26,0,48,242,43,5,338
31.01.26,0,52,207,30,4,293
01.12.25,0,33,278,39,1,351
02.12.25,0,30,260,5,6,301
03.12.25,0,31,277,32,6,346
04.12.25,0,33,261,40,3,337
05.12.25,0,38,275,46,2,361
06.12.25,0,38,183,85,2,308
07.12.25,0,35,213,87,3,338
08.12.25,0,38,282,39,1,360
09.12.25,0,30,271,4,8,313
10.12.25,0,34,279,30,6,349
11.12.25,0,33,268,35,2,338
12.12.25,0,39,276,43,2,360
13.12.25,1,34,244,33,6,318
14.12.25,0,34,226,83,2,345
15.12.25,0,37,290,37,2,366
16.12.25,0,38,251,32,4,325
17.12.25,0,44,279,35,1,359
18.12.25,0,39,280,12,9,340
19.12.25,0,44,276,51,3,374
20.12.25,0,48,259,55,4,366
21.12.25,0,51,248,51,6,356
22.12.25,0,47,278,46,1,372
23.12.25,58,62,169,38,3,330
24.12.25,51,32,72,138,10,303
25.12.25,0,46,172,68,4,290
26.12.25,0,41,209,110,3,363
27.12.25,0,46,203,100,0,349
28.12.25,0,43,204,103,3,353
29.12.25,0,36,281,38,1,356
30.12.25,0,34,242,34,0,310
31.12.25,0,29,244,34,0,307
01.11.25,0,53,235,35,11,334
02.11.25,0,45,214,94,7,360
03.11.25,0,41,281,40,1,363
04.11.25,0,32,263,32,1,328
05.11.25,0,40,261,33,4,338
06.11.25,0,40,284,11,7,342
07.11.25,0,47,291,10,13,361
08.11.25,0,43,250,9,12,314
09.11.25,0,39,213,84,5,341
10.11.25,0,44,264,33,8,349
11.11.25,0,34,262,28,2,326
12.11.25,0,38,261,28,5,332
13.11.25,0,36,276,36,3,351
14.11.25,0,38,276,41,4,359
15.11.25,0,35,129,136,8,308
16.11.25,0,40,196,92,7,335
17.11.25,0,14,189,142,3,348
18.11.25,0,26,251,29,2,308
19.11.25,0,30,265,31,3,329
20.11.25,0,11,168,149,4,332
21.11.25,0,41,269,46,1,357
22.11.25,0,31,193,78,2,304
23.11.25,0,31,206,97,1,335
24.11.25,0,39,264,29,7,339
25.11.25,0,24,240,27,3,294
26.11.25,0,29,262,34,1,326
27.11.25,0,29,250,41,2,322
28.11.25,0,31,275,42,3,351
29.11.25,0,35,180,83,0,298
30.11.25,0,33,239,54,5,331
01.10.25,0,47,303,46,8,404
02.10.25,0,45,295,58,5,403
03.10.25,0,33,259,131,4,427
04.10.25,0,0,0,364,17,381
05.10.25,0,4,86,339,8,437
06.10.25,0,36,318,55,4,413
07.10.25,0,37,316,48,3,404
08.10.25,0,34,312,57,4,407
09.10.25,0,36,319,56,3,414
10.10.25,35,45,283,60,3,426
11.10.25,0,43,245,99,5,392
12.10.25,0,42,267,109,3,421
13.10.25,22,44,277,59,2,404
14.10.25,0,37,293,53,3,386
15.10.25,71,35,230,53,5,394
16.10.25,0,37,303,62,1,403
17.10.25,0,38,328,59,2,427
18.10.25,34,35,196,115,6,386
19.10.25,0,35,265,109,3,412
20.10.25,0,48,300,56,5,409
21.10.25,0,37,292,49,6,384
22.10.25,0,38,300,47,8,393
23.10.25,0,4,74,297,6,381
24.10.25,0,0,0,407,10,417
25.10.25,0,8,105,251,13,377
26.10.25,0,0,23,332,13,368
27.10.25,0,0,0,355,11,366
28.10.25,0,7,111,209,7,334
29.10.25,0,35,283,35,4,357
30.10.25,0,41,264,40,2,347
31.10.25,0,45,279,47,4,375
01.09.25,0,48,292,63,5,408
02.09.25,0,39,310,48,7,404
03.09.25,0,41,306,55,1,403
04.09.25,0,35,195,164,6,400
05.09.25,0,51,330,62,1,444
06.09.25,0,51,228,71,13,363
07.09.25,0,42,269,87,2,400
08.09.25,0,17,260,132,1,410
09.09.25,0,29,276,77,3,385
10.09.25,0,44,312,54,3,413
11.09.25,0,3,117,277,3,400
12.09.25,0,36,330,55,5,426
13.09.25,0,38,270,60,6,374
14.09.25,0,38,256,99,5,398
15.09.25,0,7,108,295,4,414
16.09.25,0,4,53,334,7,398
17.09.25,0,33,306,53,0,392
18.09.25,0,43,309,55,1,408
19.09.25,0,40,335,57,3,435
20.09.25,0,41,212,109,3,365
21.09.25,0,15,93,291,5,404
22.09.25,0,41,242,121,3,407
23.09.25,0,42,299,50,2,393
24.09.25,0,32,307,55,3,397
25.09.25,0,34,308,56,5,403
26.09.25,0,42,314,59,3,418
27.09.25,0,36,256,98,5,395
28.09.25,0,43,259,110,2,414
29.09.25,0,39,332,56,2,429
30.09.25,0,43,296,56,5,400
01.08.25,0,21,209,156,23,409
02.08.25,0,44,252,92,5,393
03.08.25,0,46,249,104,4,403
04.08.25,0,43,315,54,3,415
05.08.25,0,17,135,239,8,399
06.08.25,0,43,295,57,4,399
07.08.25,0,37,297,63,3,400
08.08.25,0,44,311,58,5,418
09.08.25,0,53,246,92,4,395
10.08.25,0,48,230,131,4,413
11.08.25,0,55,287,53,4,399
12.08.25,0,51,286,58,3,398
13.08.25,0,45,322,52,3,422
14.08.25,0,56,268,61,3,388
15.08.25,0,50,267,104,3,424
16.08.25,0,50,167,168,6,391
17.08.25,0,43,248,105,4,400
18.08.25,0,42,329,53,3,427
19.08.25,0,34,218,132,3,387
20.08.25,0,47,289,58,3,397
21.08.25,0,41,284,61,3,389
22.08.25,0,41,319,63,2,425
23.08.25,0,38,228,118,4,388
24.08.25,0,42,273,100,4,419
25.08.25,0,48,311,58,2,419
26.08.25,0,35,227,125,6,393
27.08.25,0,45,270,82,2,399
28.08.25,0,50,287,53,3,393
29.08.25,0,50,299,59,3,411
30.08.25,0,42,221,113,4,380
31.08.25,0,42,247,104,2,395
01.07.25,0,50,284,57,3,394
02.07.25,0,65,269,59,4,397
03.07.25,0,11,121,246,8,386
04.07.25,0,48,311,61,3,423
05.07.25,0,54,215,114,5,388
06.07.25,0,12,111,281,8,412
07.07.25,0,13,127,276,8,424
08.07.25,0,3,35,343,11,392
09.07.25,0,45,307,51,2,405
10.07.25,0,53,297,58,7,415
11.07.25,0,46,299,65,2,412
12.07.25,0,48,248,85,5,386
13.07.25,0,35,148,224,7,414
14.07.25,0,38,225,140,4,407
15.07.25,0,15,124,250,6,395
16.07.25,0,36,175,195,4,410
17.07.25,0,55,281,57,3,396
18.07.25,0,51,307,60,4,422
19.07.25,0,40,201,134,6,381
20.07.25,0,53,255,90,9,407
21.07.25,0,60,260,77,6,403
22.07.25,0,17,157,215,4,393
23.07.25,0,47,301,53,3,404
24.07.25,0,47,302,63,4,416
25.07.25,0,52,289,62,4,407
26.07.25,0,61,223,92,5,381
27.07.25,0,46,243,103,4,396
28.07.25,0,17,222,167,10,416
29.07.25,0,45,295,54,3,397
30.07.25,0,31,217,150,4,402
31.07.25,0,50,301,58,2,411
01.06.25,0,34,136,222,2,394
02.06.25,0,30,214,164,3,411
03.06.25,0,26,221,141,3,391
04.06.25,0,23,198,154,2,377
05.06.25,0,35,320,52,3,410
06.06.25,0,14,235,175,5,429
07.06.25,0,11,64,297,14,386
08.06.25,0,0,0,378,12,390
09.06.25,0,32,272,91,6,401
10.06.25,0,33,307,50,2,392
11.06.25,0,37,307,50,4,398
12.06.25,0,40,316,53,2,411
13.06.25,0,52,307,50,6,415
14.06.25,0,64,258,52,5,379
15.06.25,0,35,192,155,1,383
16.06.25,10,48,306,51,2,417
17.06.25,78,36,222,51,4,391
18.06.25,0,34,318,53,3,408
19.06.25,0,53,246,93,6,398
20.06.25,0,55,286,59,3,403
21.06.25,0,46,225,89,5,365
22.06.25,0,45,256,101,5,407
23.06.25,0,0,65,335,8,408
24.06.25,0,1,112,267,4,384
25.06.25,0,42,302,51,2,397
26.06.25,0,13,152,221,5,391
27.06.25,0,34,288,92,5,419
28.06.25,0,46,238,91,3,378
29.06.25,0,60,233,110,3,406
30.06.25,0,54,307,58,4,423
01.05.25,0,35,225,118,2,380
02.05.25,0,34,292,51,4,381
03.05.25,0,34,236,89,5,364
04.05.25,0,18,164,210,6,398
05.05.25,72,46,220,58,3,399
06.05.25,45,40,236,46,3,370
07.05.25,7,46,276,51,3,383
08.05.25,161,37,136,58,1,393
09.05.25,229,36,51,65,2,383
10.05.25,0,37,213,103,4,357
11.05.25,0,45,239,104,1,389
12.05.25,0,36,256,101,1,394
13.05.25,0,29,280,50,1,360
14.05.25,0,31,303,50,1,385
15.05.25,0,21,176,198,1,396
16.05.25,0,49,314,52,2,417
17.05.25,0,39,209,104,4,356
18.05.25,0,34,251,99,2,386
19.05.25,0,51,290,51,1,393
20.05.25,0,33,288,43,1,365
21.05.25,0,34,295,50,6,385
22.05.25,0,33,302,53,2,390
23.05.25,0,34,190,202,2,428
24.05.25,0,19,126,211,3,359
25.05.25,0,40,202,138,4,384
26.05.25,0,8,147,246,3,404
27.05.25,0,31,304,52,1,388
28.05.25,0,9,87,305,4,405
29.05.25,0,35,255,89,1,380
30.05.25,0,34,306,54,2,396
31.05.25,0,39,238,86,3,366
01.04.25,290,32,0,13,0,335
02.04.25,203,32,69,46,5,355
03.04.25,0,39,268,50,1,358
04.04.25,0,48,291,54,2,395
05.04.25,0,48,206,91,5,350
06.04.25,189,36,20,109,2,356
07.04.25,17,41,276,51,4,389
08.04.25,0,38,286,49,1,374
09.04.25,0,38,274,48,3,363
10.04.25,0,43,277,50,0,370
11.04.25,0,48,294,56,3,401
12.04.25,0,45,213,85,4,347
13.04.25,0,39,230,97,5,371
14.04.25,0,46,279,51,4,380
15.04.25,0,41,269,47,3,360
16.04.25,0,12,119,243,6,380
17.04.25,0,41,264,87,2,394
18.04.25,0,42,247,99,1,389
19.04.25,0,47,212,84,3,346
20.04.25,0,10,105,239,5,359
21.04.25,0,27,149,202,2,380
22.04.25,0,40,275,44,1,360
23.04.25,0,34,187,141,3,365
24.04.25,0,25,257,84,1,367
25.04.25,0,35,295,55,1,386
26.04.25,79,44,118,114,0,355
27.04.25,0,43,234,102,1,380
28.04.25,0,30,299,50,2,381
29.04.25,17,33,259,44,6,359
30.04.25,0,47,277,44,4,372
01.03.25,159,41,31,79,2,312
02.03.25,96,34,95,100,3,328
03.03.25,0,37,272,35,3,347
04.03.25,0,29,264,29,1,323
05.03.25,0,30,267,30,1,328
06.03.25,0,30,263,31,1,325
07.03.25,0,42,273,39,4,358
08.03.25,0,38,189,80,4,311
09.03.25,0,43,182,102,1,328
10.03.25,0,29,197,83,3,312
11.03.25,0,36,252,29,3,320
12.03.25,0,32,276,33,1,342
13.03.25,0,29,184,129,1,343
14.03.25,0,51,266,39,2,358
15.03.25,183,36,0,83,5,307
16.03.25,0,46,205,87,2,340
17.03.25,195,32,81,38,1,347
18.03.25,0,36,243,30,1,310
19.03.25,0,25,280,33,1,339
20.03.25,0,35,252,34,2,323
21.03.25,0,51,247,37,3,338
22.03.25,0,53,207,36,3,299
23.03.25,0,40,205,86,4,335
24.03.25,0,44,262,35,2,343
25.03.25,0,30,256,31,1,318
26.03.25,0,32,267,38,0,337
27.03.25,101,42,167,36,2,348
28.03.25,0,44,287,41,3,375
29.03.25,0,18,138,132,8,296
30.03.25,0,11,88,265,7,371
31.03.25,0,13,240,105,11,369
01.02.25,0,34,169,70,6,279
02.02.25,0,33,195,89,7,324
03.02.25,0,33,244,29,4,310
04.02.25,0,21,236,25,1,283
05.02.25,0,30,269,9,1,309
06.02.25,0,33,255,32,2,322
07.02.25,0,38,268,39,4,349
08.02.25,0,36,179,77,3,295
09.02.25,0,30,214,79,3,326
10.02.25,0,37,260,32,2,331
11.02.25,0,32,228,29,2,291
12.02.25,0,35,249,25,7,316
13.02.25,0,9,138,160,6,313
14.02.25,0,47,260,42,2,351
15.02.25,0,41,207,69,2,319
16.02.25,0,34,181,96,2,313
17.02.25,0,40,258,33,1,332
18.02.25,47,34,196,27,1,305
19.02.25,0,29,261,37,0,327
20.02.25,0,34,253,34,0,321
21.02.25,0,37,267,41,2,347
22.02.25,0,46,193,84,2,325
23.02.25,0,35,196,95,4,330
24.02.25,0,35,265,26,6,332
25.02.25,0,28,244,37,1,310
26.02.25,0,7,99,213,6,325
27.02.25,0,48,240,33,3,324
28.02.25,0,38,280,43,0,361
01.01.25,0,37,230,24,1,292
02.01.25,0,0,0,325,4,329
03.01.25,0,27,280,50,1,358
04.01.25,0,34,258,2,15,309
05.01.25,0,49,248,50,6,353
06.01.25,0,32,164,134,4,334
07.01.25,0,0,0,269,8,277
08.01.25,0,34,206,36,6,282
09.01.25,0,0,43,250,6,299
10.01.25,0,30,249,39,4,322
11.01.25,0,30,164,72,0,266
12.01.25,0,26,181,97,1,305
13.01.25,88,29,148,31,0,296
14.01.25,0,24,221,22,0,267
15.01.25,32,30,197,30,2,291
16.01.25,0,34,234,28,1,297
17.01.25,0,38,257,37,3,335
18.01.25,0,32,188,51,3,274
19.01.25,0,27,214,82,3,326
20.01.25,0,28,316,11,2,357
21.01.25,0,26,240,8,2,276
22.01.25,0,38,266,34,4,342
23.01.25,0,7,137,203,8,355
24.01.25,0,43,312,34,5,394
25.01.25,0,40,162,72,4,278
26.01.25,0,7,94,192,6,299
27.01.25,0,41,211,54,1,307
28.01.25,0,25,183,71,2,281
29.01.25,0,5,92,194,5,296
30.01.25,0,26,235,27,3,291
31.01.25,0,38,263,37,4,342
01.12.24,0,29,205,83,2,319
02.12.24,0,34,252,32,3,321
03.12.24,0,7,149,131,5,292
04.12.24,0,31,255,29,2,317
05.12.24,0,35,261,24,1,321
06.12.24,0,0,0,320,9,329
07.12.24,0,39,171,54,4,268
08.12.24,0,33,185,93,3,314
09.12.24,15,46,225,33,5,324
10.12.24,135,30,117,27,2,311
11.12.24,0,32,256,27,3,318
12.12.24,0,33,252,32,2,319
13.12.24,0,38,261,38,2,339
14.12.24,0,37,164,85,4,290
15.12.24,0,12,137,177,5,331
16.12.24,0,36,260,33,4,333
17.12.24,0,36,252,27,0,315
18.12.24,0,47,255,31,3,336
19.12.24,0,3,38,280,15,336
20.12.24,0,41,289,42,2,374
21.12.24,0,42,198,93,3,336
22.12.24,0,0,12,311,18,341
23.12.24,0,56,242,44,2,344
24.12.24,0,42,215,32,1,290
25.12.24,0,40,162,76,1,279
26.12.24,0,41,186,94,0,321
27.12.24,0,39,287,9,17,352
28.12.24,0,45,263,10,15,333
29.12.24,0,40,274,12,13,339
30.12.24,0,33,275,8,8,324
31.12.24,0,33,230,7,2,272
01.11.24,0,39,220,82,2,343
02.11.24,0,41,219,35,13,308
03.11.24,0,36,207,87,4,334
04.11.24,0,34,278,33,4,349
05.11.24,0,32,252,30,0,314
06.11.24,0,33,265,27,1,326
07.11.24,0,40,276,32,4,352
08.11.24,0,37,285,38,3,363
09.11.24,0,39,209,40,9,297
10.11.24,0,33,220,86,3,342
11.11.24,0,35,257,32,4,328
12.11.24,168,35,68,30,1,302
13.11.24,0,27,260,30,1,318
14.11.24,0,29,258,31,0,318
15.11.24,0,38,274,36,1,349
16.11.24,0,37,211,34,8,290
17.11.24,0,25,108,188,5,326
18.11.24,0,14,183,119,3,319
19.11.24,0,25,152,113,2,292
20.11.24,0,22,173,115,3,313
21.11.24,0,38,200,48,3,289
22.11.24,0,40,232,38,4,314
23.11.24,0,30,163,80,4,277
24.11.24,0,34,227,50,11,322
25.11.24,12,30,240,32,4,318
26.11.24,0,31,237,25,2,295
27.11.24,0,28,255,24,4,311
28.11.24,0,26,194,87,2,309
29.11.24,0,38,248,32,4,322
30.11.24,0,35,189,54,2,280
01.10.24,0,47,285,48,3,383
02.10.24,0,10,121,270,7,408
03.10.24,0,44,214,107,5,370
04.10.24,0,56,278,55,8,397
05.10.24,0,45,222,108,6,381
06.10.24,0,42,268,101,3,414
07.10.24,0,50,300,56,4,410
08.10.24,0,48,287,49,3,387
09.10.24,0,40,286,56,8,390
10.10.24,0,6,62,310,12,390
11.10.24,0,18,273,123,8,422
12.10.24,0,41,219,111,4,375
13.10.24,0,0,0,392,10,402
14.10.24,0,41,316,38,10,405
15.10.24,0,41,277,52,3,373
16.10.24,0,44,295,50,7,396
17.10.24,0,39,295,33,20,387
18.10.24,0,37,312,59,3,411
19.10.24,0,36,270,54,11,371
20.10.24,0,36,267,100,5,408
21.10.24,0,38,291,40,16,385
22.10.24,0,35,281,48,2,366
23.10.24,0,36,293,53,6,388
24.10.24,0,34,286,47,2,369
25.10.24,0,41,309,36,13,399
26.10.24,0,46,200,101,6,353
27.10.24,0,38,202,104,4,348
28.10.24,0,40,291,7,9,347
29.10.24,0,38,262,2,11,313
30.10.24,0,38,270,25,7,340
31.10.24,0,45,261,32,3,341
01.09.24,0,52,169,145,5,371
02.09.24,0,45,304,50,4,403
03.09.24,0,42,295,44,3,384
04.09.24,0,44,300,58,3,405
05.09.24,0,33,218,140,4,395
06.09.24,0,45,304,60,2,411
07.09.24,0,66,214,95,4,379
08.09.24,0,44,221,131,2,398
09.09.24,0,3,71,324,13,411
10.09.24,0,0,61,309,6,376
11.09.24,0,12,171,205,6,394
12.09.24,7,29,192,156,3,387
13.09.24,0,10,167,225,9,411
14.09.24,0,39,230,93,3,365
15.09.24,114,45,100,125,3,387
16.09.24,0,38,317,51,3,409
17.09.24,0,51,281,32,15,379
18.09.24,107,36,190,50,4,387
19.09.24,0,45,304,47,9,405
20.09.24,0,47,311,50,4,412
21.09.24,0,46,202,112,3,363
22.09.24,0,43,226,114,4,387
23.09.24,0,43,295,51,3,392
24.09.24,0,33,195,138,3,369
25.09.24,0,39,291,55,3,388
26.09.24,0,50,302,45,4,401
27.09.24,0,14,119,264,12,409
28.09.24,0,15,119,237,9,380
29.09.24,97,47,155,114,4,417
30.09.24,0,39,275,95,4,413
01.08.24,0,68,261,39,9,377
02.08.24,0,45,250,79,3,377
03.08.24,0,21,86,255,7,369
04.08.24,0,9,83,290,11,393
05.08.24,0,49,284,54,3,390
06.08.24,0,44,284,49,4,381
07.08.24,0,47,275,57,3,382
08.08.24,0,40,296,50,5,391
09.08.24,0,47,303,57,2,409
10.08.24,0,49,235,90,3,377
11.08.24,0,51,233,105,5,394
12.08.24,0,52,290,35,11,388
13.08.24,0,43,253,54,7,357
14.08.24,0,47,262,64,2,375
15.08.24,0,50,280,55,4,389
16.08.24,0,51,307,56,2,416
17.08.24,0,50,200,111,3,364
18.08.24,0,19,154,207,14,394
19.08.24,104,48,170,58,2,382
20.08.24,0,38,284,47,4,373
21.08.24,0,2,88,282,9,381
22.08.24,0,44,296,56,1,397
23.08.24,0,46,301,63,4,414
24.08.24,0,58,196,103,4,361
25.08.24,0,40,241,102,3,386
26.08.24,96,42,193,56,1,388
27.08.24,96,44,172,49,2,363
28.08.24,0,46,295,42,7,390
29.08.24,0,49,279,59,1,388
30.08.24,0,60,282,60,5,407
31.08.24,0,66,208,88,3,365
01.07.24,0,3,55,320,11,389
02.07.24,0,15,105,267,7,394
03.07.24,0,43,267,75,5,390
04.07.24,0,13,129,252,5,399
05.07.24,0,47,301,58,5,411
06.07.24,0,19,134,206,9,368
07.07.24,0,53,240,98,4,395
08.07.24,0,48,304,49,3,404
09.07.24,0,56,292,54,3,405
10.07.24,0,59,274,59,3,395
11.07.24,0,67,303,33,7,410
12.07.24,0,11,122,243,11,387
13.07.24,0,60,246,75,3,384
14.07.24,0,62,224,106,4,396
15.07.24,0,68,254,71,3,396
16.07.24,0,17,80,278,6,381
17.07.24,0,58,279,54,3,394
18.07.24,0,64,276,52,6,398
19.07.24,0,50,227,64,0,341
20.07.24,0,72,182,117,6,377
21.07.24,0,45,120,205,3,373
22.07.24,0,53,253,88,5,399
23.07.24,0,41,170,170,5,386
24.07.24,0,55,281,55,3,394
25.07.24,0,62,274,51,5,392
26.07.24,0,55,291,63,4,413
27.07.24,0,53,172,148,5,378
28.07.24,0,63,221,104,2,390
29.07.24,0,65,282,53,3,403
30.07.24,0,56,275,49,4,384
31.07.24,29,64,208,77,1,379
01.06.24,0,36,235,84,3,358
02.06.24,0,35,225,131,6,397
03.06.24,0,35,316,52,4,407
04.06.24,0,38,288,44,4,374
05.06.24,0,31,317,49,3,400
06.06.24,0,28,176,176,3,383
07.06.24,0,37,323,50,3,413
08.06.24,0,39,180,137,4,360
09.06.24,0,46,222,115,4,387
10.06.24,0,9,102,279,9,399
11.06.24,0,37,290,47,3,377
12.06.24,0,33,327,53,2,415
13.06.24,0,38,315,51,5,409
14.06.24,0,45,276,69,3,393
15.06.24,0,41,195,125,3,364
16.06.24,0,41,236,122,0,399
17.06.24,0,33,260,94,10,397
18.06.24,0,39,294,40,8,381
19.06.24,0,39,320,51,5,415
20.06.24,0,38,316,53,3,410
21.06.24,24,58,212,94,3,391
22.06.24,0,18,162,163,13,356
23.06.24,0,55,247,89,9,400
24.06.24,190,39,100,62,5,396
25.06.24,9,50,250,46,4,359
26.06.24,0,48,275,59,3,385
27.06.24,0,44,283,60,3,390
28.06.24,0,46,309,45,3,403
29.06.24,13,67,209,66,3,358
30.06.24,0,8,49,320,24,401
01.05.24,11,59,234,47,5,356
02.05.24,0,9,153,193,6,361
03.05.24,0,8,110,246,4,368
04.05.24,0,34,229,87,6,356
05.05.24,0,35,239,96,3,373
06.05.24,0,40,288,46,3,377
07.05.24,0,30,277,34,9,350
08.05.24,0,42,309,50,2,403
09.05.24,162,34,86,83,3,368
10.05.24,0,33,295,46,5,379
11.05.24,0,28,203,105,2,338
12.05.24,0,40,237,120,1,398
13.05.24,0,38,296,47,5,386
14.05.24,0,40,271,55,3,369
15.05.24,0,37,298,49,2,386
16.05.24,0,43,290,51,4,388
17.05.24,0,40,264,115,1,420
18.05.24,0,34,147,169,6,356
19.05.24,0,31,138,196,4,369
20.05.24,0,50,241,86,4,381
21.05.24,0,35,292,46,2,375
22.05.24,0,6,77,298,7,388
23.05.24,0,36,300,54,1,391
24.05.24,0,32,289,82,8,411
25.05.24,0,39,252,35,18,344
26.05.24,0,38,227,129,3,397
27.05.24,0,36,316,48,3,403
28.05.24,0,34,295,44,5,378
29.05.24,0,15,213,152,6,386
30.05.24,0,3,80,279,20,382
31.05.24,0,35,305,52,5,397
01.04.24,0,5,65,296,6,372
02.04.24,0,0,0,351,3,354
03.04.24,0,7,108,219,9,343
04.04.24,0,13,182,159,3,357
05.04.24,0,24,227,117,3,371
06.04.24,0,35,218,80,5,338
07.04.24,0,37,230,87,3,357
08.04.24,0,39,263,60,3,365
09.04.24,0,4,47,276,8,335
10.04.24,35,36,259,41,4,375
11.04.24,0,35,287,49,1,372
12.04.24,0,30,295,51,1,377
13.04.24,0,38,208,104,3,353
14.04.24,0,28,131,192,6,357
15.04.24,0,26,145,188,4,363
16.04.24,0,0,1,343,3,347
17.04.24,0,10,174,173,8,365
18.04.24,0,31,278,44,3,356
19.04.24,0,6,84,287,8,385
20.04.24,0,10,117,200,10,337
21.04.24,0,33,229,101,2,365
22.04.24,0,44,297,45,0,386
23.04.24,0,44,267,39,4,354
24.04.24,0,5,112,239,7,363
25.04.24,0,35,214,90,4,343
26.04.24,0,29,176,184,3,392
27.04.24,27,62,216,31,12,348
28.04.24,0,0,9,343,7,359
29.04.24,0,43,280,44,2,369
30.04.24,0,37,271,47,4,359
01.03.24,0,46,251,34,6,337
02.03.24,1,43,221,26,10,301
03.03.24,54,37,168,74,1,334
04.03.24,0,35,261,32,1,329
05.03.24,0,17,195,72,1,285
06.03.24,0,31,247,24,4,306
07.03.24,0,40,251,26,1,318
08.03.24,89,47,173,31,5,345
09.03.24,0,45,182,59,6,292
10.03.24,0,9,73,229,6,317
11.03.24,0,37,268,26,2,333
12.03.24,0,24,230,34,4,292
13.03.24,0,35,257,23,2,317
14.03.24,0,32,251,25,6,314
15.03.24,0,16,173,155,5,349
16.03.24,0,5,59,214,8,286
17.03.24,0,36,234,40,8,318
18.03.24,0,37,265,23,3,328
19.03.24,0,27,241,19,2,289
20.03.24,0,30,258,20,2,310
21.03.24,0,28,195,99,4,326
22.03.24,0,34,276,33,2,345
23.03.24,0,0,0,283,8,291
24.03.24,0,1,0,299,16,316
25.03.24,0,40,249,26,4,319
26.03.24,0,39,237,19,3,298
27.03.24,0,3,66,261,10,340
28.03.24,0,26,138,173,6,343
29.03.24,0,48,226,85,1,360
30.03.24,0,35,128,130,15,308
31.03.24,0,36,241,65,2,344
01.02.24,0,28,206,24,2,260
02.02.24,0,31,251,23,4,309
03.02.24,0,35,155,69,2,261
04.02.24,0,29,204,68,2,303
05.02.24,0,28,244,24,3,299
06.02.24,0,5,89,170,2,266
07.02.24,0,28,212,31,2,273
08.02.24,0,35,212,44,3,294
09.02.24,0,41,247,33,3,324
10.02.24,0,46,216,24,14,300
11.02.24,0,32,115,160,4,311
12.02.24,0,35,237,26,1,299
13.02.24,0,21,222,17,4,264
14.02.24,0,22,233,23,2,280
15.02.24,0,26,247,26,1,300
16.02.24,0,22,225,88,2,337
17.02.24,0,41,208,56,4,309
18.02.24,0,34,255,45,4,338
19.02.24,0,13,144,153,5,315
20.02.24,0,26,227,19,1,273
21.02.24,0,25,241,25,2,293
22.02.24,0,35,255,27,2,319
23.02.24,0,36,264,31,2,333
24.02.24,0,33,202,79,2,316
25.02.24,0,40,191,88,2,321
26.02.24,0,40,263,29,3,335
27.02.24,118,28,110,18,2,276
28.02.24,0,38,241,21,1,301
29.02.24,0,28,261,26,2,317
01.01.24,0,29,183,80,4,296
02.01.24,0,2,4,285,5,296
03.01.24,0,0,0,281,6,287
04.01.24,0,6,87,207,4,304
05.01.24,0,30,261,36,4,331
06.01.24,0,33,221,65,1,320
07.01.24,0,30,231,71,1,333
08.01.24,250,26,0,29,1,306
09.01.24,133,24,81,15,4,257
10.01.24,0,29,232,22,1,284
11.01.24,0,23,218,22,2,265
12.01.24,0,31,253,24,2,310
13.01.24,0,24,183,47,4,258
14.01.24,0,27,218,90,2,337
15.01.24,0,21,173,147,4,345
16.01.24,0,27,225,16,3,271
17.01.24,0,35,213,26,3,277
18.01.24,0,9,84,208,11,312
19.01.24,0,31,305,32,4,372
20.01.24,0,33,157,65,0,255
21.01.24,0,25,190,78,3,296
22.01.24,0,24,174,92,2,292
23.01.24,0,19,162,61,1,243
24.01.24,0,0,2,264,5,271
25.01.24,0,26,229,18,2,275
26.01.24,0,27,249,28,1,305
27.01.24,0,31,158,65,0,254
28.01.24,0,25,218,49,5,297
29.01.24,0,26,252,8,3,289
30.01.24,0,22,211,15,2,250
31.01.24,0,26,229,23,1,279
01.12.23,0,46,261,4,0,311
02.12.23,0,37,111,92,5,245
03.12.23,0,36,235,40,1,312
04.12.23,0,29,244,30,2,305
05.12.23,0,25,157,81,3,266
06.12.23,0,27,241,28,2,298
07.12.23,0,31,238,26,3,298
08.12.23,0,35,255,29,3,322
09.12.23,0,31,185,36,5,257
10.12.23,0,27,207,83,1,318
11.12.23,0,34,253,29,4,320
12.12.23,0,28,236,15,6,285
13.12.23,0,31,225,27,4,287
14.12.23,0,26,260,28,2,316
15.12.23,0,32,279,29,2,342
16.12.23,0,31,237,2,13,283
17.12.23,0,27,237,42,9,315
18.12.23,0,24,284,4,7,319
19.12.23,0,27,249,11,5,292
20.12.23,0,15,145,150,6,316
21.12.23,0,0,2,303,8,313
22.12.23,0,0,1,336,7,344
23.12.23,0,0,1,318,8,327
24.12.23,0,0,18,254,7,279
25.12.23,0,7,74,196,4,281
26.12.23,0,32,211,54,1,298
27.12.23,0,34,239,27,1,301
28.12.23,0,35,244,27,2,308
29.12.23,0,35,253,36,1,325
30.12.23,0,27,209,55,3,294
31.12.23,0,14,166,87,9,276
01.11.23,0,33,205,48,5,291
02.11.23,0,27,163,112,5,307
03.11.23,0,34,263,32,4,333
04.11.23,0,48,220,21,5,294
05.11.23,0,0,0,306,12,318
06.11.23,0,11,97,207,8,323
07.11.23,0,28,216,33,3,280
08.11.23,0,27,251,24,2,304
09.11.23,0,30,247,25,3,305
10.11.23,0,8,98,216,10,332
11.11.23,0,11,114,154,6,285
12.11.23,0,33,162,113,5,313
13.11.23,0,0,55,251,11,317
14.11.23,0,32,199,42,3,276
15.11.23,0,5,133,169,5,312
16.11.23,27,31,184,52,1,295
17.11.23,0,4,92,243,12,351
18.11.23,0,35,193,42,4,274
19.11.23,0,15,38,254,5,312
20.11.23,0,19,190,103,8,320
21.11.23,0,22,226,15,2,265
22.11.23,0,27,226,22,6,281
23.11.23,0,21,244,26,1,292
24.11.23,0,0,35,282,8,325
25.11.23,0,11,57,184,5,257
26.11.23,0,28,211,70,2,311
27.11.23,0,24,220,60,3,307
28.11.23,0,4,78,170,7,259
29.11.23,0,29,240,27,1,297
30.11.23,0,42,205,27,4,278
01.10.23,0,37,292,69,8,406
02.10.23,0,38,309,40,9,396
03.10.23,0,22,137,178,6,343
04.10.23,0,39,295,47,2,383
05.10.23,0,34,297,44,7,382
06.10.23,0,33,319,59,6,417
07.10.23,0,33,279,47,12,371
08.10.23,0,32,273,88,3,396
09.10.23,0,38,303,44,7,392
10.10.23,0,28,283,42,2,355
11.10.23,0,35,304,45,4,388
12.10.23,0,38,287,42,4,371
13.10.23,0,38,312,48,4,402
14.10.23,0,6,11,334,8,359
15.10.23,0,3,85,290,6,384
16.10.23,141,35,158,45,5,384
17.10.23,0,26,284,37,5,352
18.10.23,0,34,289,47,3,373
19.10.23,0,39,290,47,7,383
20.10.23,0,13,172,195,18,398
21.10.23,0,39,213,108,6,366
22.10.23,0,32,255,92,6,385
23.10.23,0,34,303,46,7,390
24.10.23,0,28,269,41,4,342
25.10.23,0,37,255,56,5,353
26.10.23,0,7,112,231,10,360
27.10.23,0,0,4,362,16,382
28.10.23,0,33,238,61,5,337
29.10.23,0,42,230,51,5,328
30.10.23,0,35,283,9,4,331
31.10.23,0,12,90,188,5,295
01.09.23,0,38,314,47,5,404
02.09.23,0,43,224,73,14,354
03.09.23,0,37,248,95,4,384
04.09.23,202,37,98,53,5,395
05.09.23,0,39,270,41,5,355
06.09.23,0,34,285,46,5,370
07.09.23,0,36,303,42,7,388
08.09.23,0,38,306,56,8,408
09.09.23,0,35,238,87,7,367
10.09.23,0,38,253,84,11,386
11.09.23,0,39,299,46,4,388
12.09.23,0,33,262,41,5,341
13.09.23,0,36,281,39,7,363
14.09.23,0,38,297,47,3,385
15.09.23,0,33,317,49,8,407
16.09.23,0,38,244,76,6,364
17.09.23,0,39,261,86,7,393
18.09.23,0,35,247,113,9,404
19.09.23,0,24,279,38,3,344
20.09.23,0,35,287,44,6,372
21.09.23,0,36,285,60,5,386
22.09.23,0,52,284,63,4,403
23.09.23,0,39,227,86,5,357
24.09.23,103,30,158,70,20,381
25.09.23,0,37,308,42,4,391
26.09.23,0,30,277,28,15,350
27.09.23,0,34,287,41,11,373
28.09.23,0,40,299,40,7,386
29.09.23,0,38,275,94,3,410
30.09.23,0,37,235,88,7,367
01.08.23,0,5,68,256,19,348
02.08.23,0,18,98,235,6,357
03.08.23,0,2,48,309,8,367
04.08.23,0,42,245,90,5,382
05.08.23,0,42,224,87,5,358
06.08.23,0,1,0,362,11,374
07.08.23,0,4,81,278,18,381
08.08.23,0,30,258,50,4,342
09.08.23,0,33,176,152,5,366
10.08.23,0,33,285,48,4,370
11.08.23,0,38,285,54,10,387
12.08.23,0,33,224,97,5,359
13.08.23,0,39,237,95,5,376
14.08.23,0,41,281,49,7,378
15.08.23,0,35,241,59,8,343
16.08.23,0,39,269,55,1,364
17.08.23,12,36,270,50,4,372
18.08.23,0,39,284,63,4,390
19.08.23,0,42,217,84,4,347
20.08.23,0,43,241,98,5,387
21.08.23,0,45,292,44,7,388
22.08.23,0,43,263,44,5,355
23.08.23,0,31,188,144,5,368
24.08.23,0,47,234,73,4,358
25.08.23,0,48,201,117,8,374
26.08.23,0,18,180,141,11,350
27.08.23,0,50,254,57,17,378
28.08.23,0,46,264,44,6,360
29.08.23,0,33,260,40,9,342
30.08.23,0,33,275,70,5,383
31.08.23,0,35,291,46,2,374
01.07.23,0,11,100,242,12,365
02.07.23,0,7,65,292,15,379
03.07.23,0,0,70,325,9,404
04.07.23,0,16,232,101,8,357
05.07.23,0,4,137,218,9,368
06.07.23,0,39,288,49,3,379
07.07.23,0,48,294,56,6,404
08.07.23,0,43,236,88,8,375
09.07.23,0,52,229,94,9,384
10.07.23,0,45,279,49,6,379
11.07.23,0,43,253,35,5,336
12.07.23,0,52,269,29,1,351
13.07.23,0,30,196,136,5,367
14.07.23,0,47,289,61,4,401
15.07.23,0,58,203,88,3,352
16.07.23,0,37,243,97,14,391
17.07.23,0,41,212,131,4,388
18.07.23,1,35,260,56,4,356
19.07.23,0,2,44,294,11,351
20.07.23,0,43,279,47,7,376
21.07.23,0,37,269,70,4,380
22.07.23,0,9,89,257,11,366
23.07.23,0,33,147,202,6,388
24.07.23,0,44,245,81,3,373
25.07.23,0,1,54,283,21,359
26.07.23,0,37,273,47,4,361
27.07.23,0,41,289,45,7,382
28.07.23,0,16,186,179,9,390
29.07.23,0,20,158,189,11,378
30.07.23,0,0,31,333,16,380
31.07.23,0,33,305,46,7,391
01.06.23,0,32,276,40,8,356
02.06.23,0,43,294,49,5,391
03.06.23,0,41,214,83,5,343
04.06.23,94,36,128,96,4,358
05.06.23,0,43,286,48,3,380
06.06.23,0,32,261,38,6,337
07.06.23,0,39,274,43,6,362
08.06.23,48,38,210,71,3,370
09.06.23,43,39,244,49,9,384
10.06.23,0,34,224,80,10,348
11.06.23,136,34,105,101,8,384
12.06.23,129,34,173,55,1,392
13.06.23,38,36,223,39,6,342
14.06.23,71,34,200,49,4,358
15.06.23,0,39,296,45,5,385
16.06.23,0,20,221,163,7,411
17.06.23,0,41,224,80,6,351
18.06.23,0,40,210,103,4,357
19.06.23,16,43,278,41,4,382
20.06.23,0,32,241,34,15,322
21.06.23,0,30,262,55,3,350
22.06.23,0,41,254,74,3,372
23.06.23,0,0,76,303,9,388
24.06.23,149,32,79,84,8,352
25.06.23,0,34,239,94,5,372
26.06.23,0,6,122,240,5,373
27.06.23,0,25,268,39,5,337
28.06.23,0,29,275,43,5,352
29.06.23,0,54,310,14,2,380
30.06.23,0,16,214,156,16,402
01.05.23,0,30,234,79,2,345
02.05.23,0,29,242,35,5,311
03.05.23,199,21,78,43,1,342
04.05.23,0,27,275,40,5,347
05.05.23,0,28,259,97,6,390
06.05.23,0,27,191,77,9,304
07.05.23,0,23,181,136,5,345
08.05.23,0,34,275,39,5,353
09.05.23,0,22,205,69,14,310
10.05.23,0,15,124,201,3,343
11.05.23,0,32,253,43,4,332
12.05.23,0,37,288,48,5,378
13.05.23,66,38,136,76,9,325
14.05.23,0,27,223,109,6,365
15.05.23,0,37,267,44,5,353
16.05.23,0,16,154,149,5,324
17.05.23,144,38,126,44,5,357
18.05.23,204,34,47,76,2,363
19.05.23,105,34,153,53,3,348
20.05.23,1,32,209,71,5,318
21.05.23,0,33,249,91,5,378
22.05.23,0,32,304,46,4,386
23.05.23,0,28,259,37,5,329
24.05.23,0,27,270,46,8,351
25.05.23,91,36,198,49,3,377
26.05.23,117,37,190,49,5,398
27.05.23,136,34,73,83,5,331
28.05.23,0,45,217,86,4,352
29.05.23,176,31,76,95,2,380
30.05.23,149,27,112,41,2,331
31.05.23,192,28,92,48,1,361
01.04.23,0,0,0,301,12,313
02.04.23,0,22,136,155,7,320
03.04.23,250,31,0,36,4,321
04.04.23,238,26,0,39,4,307
05.04.23,0,33,258,39,4,334
06.04.23,0,26,160,161,4,351
07.04.23,0,27,243,83,6,359
08.04.23,0,29,199,74,5,307
09.04.23,0,34,212,75,8,329
10.04.23,0,32,246,72,3,353
11.04.23,0,2,22,282,6,312
12.04.23,0,12,114,198,3,327
13.04.23,0,21,207,100,4,332
14.04.23,0,33,293,43,2,371
15.04.23,0,31,172,114,7,324
16.04.23,0,29,241,79,7,356
17.04.23,0,47,257,40,5,349
18.04.23,85,27,170,41,4,327
19.04.23,8,32,253,42,3,338
20.04.23,0,30,260,42,8,340
21.04.23,0,34,274,47,4,359
22.04.23,0,30,164,129,5,328
23.04.23,0,37,229,83,5,354
24.04.23,0,0,0,340,9,349
25.04.23,0,5,71,229,6,311
26.04.23,0,26,261,39,2,328
27.04.23,0,28,273,46,6,353
28.04.23,0,36,300,48,5,389
29.04.23,0,29,125,174,4,332
30.04.23,145,34,69,82,8,338
01.03.23,0,31,229,21,3,284
02.03.23,0,21,247,22,3,293
03.03.23,0,34,244,23,4,305
04.03.23,0,30,173,67,3,273
05.03.23,0,28,213,60,2,303
06.03.23,0,6,101,182,3,292
07.03.23,0,9,124,117,7,257
08.03.23,2,23,142,115,6,288
09.03.23,0,0,0,291,11,302
10.03.23,0,0,1,297,12,310
11.03.23,0,40,158,69,5,272
12.03.23,0,30,203,65,4,302
13.03.23,0,36,229,22,5,292
14.03.23,0,1,52,208,10,271
15.03.23,0,17,149,110,5,281
16.03.23,0,28,241,27,2,298
17.03.23,1,31,258,24,3,317
18.03.23,0,36,187,45,6,274
19.03.23,0,18,149,118,9,294
20.03.23,0,27,247,23,4,301
21.03.23,0,25,229,15,2,271
22.03.23,0,28,224,20,6,278
23.03.23,0,30,233,22,4,289
24.03.23,0,15,62,225,8,310
25.03.23,0,0,0,266,10,276
26.03.23,0,5,43,242,17,307
27.03.23,0,0,0,291,6,297
28.03.23,0,25,229,33,7,294
29.03.23,0,34,241,41,2,318
30.03.23,0,6,95,220,15,336
31.03.23,0,2,38,291,12,343
01.02.23,0,4,52,174,4,234
02.02.23,0,0,0,259,7,266
03.02.23,0,21,145,118,5,289
04.02.23,0,34,144,60,4,242
05.02.23,0,33,164,71,3,271
06.02.23,0,31,214,21,1,267
07.02.23,0,29,188,13,3,233
08.02.23,0,26,178,20,2,226
09.02.23,0,34,216,20,3,273
10.02.23,0,27,250,31,1,309
11.02.23,0,32,180,72,4,288
12.02.23,0,30,188,80,2,300
13.02.23,0,28,239,21,3,291
14.02.23,0,29,206,10,3,248
15.02.23,0,26,214,21,5,266
16.02.23,0,29,245,20,5,299
17.02.23,0,30,227,26,5,288
18.02.23,0,22,139,138,8,307
19.02.23,0,6,42,242,11,301
20.02.23,0,31,230,19,5,285
21.02.23,0,28,210,15,2,255
22.02.23,0,23,232,18,5,278
23.02.23,0,26,237,23,2,288
24.02.23,0,22,197,84,3,306
25.02.23,0,37,191,56,2,286
26.02.23,201,23,0,74,7,305
27.02.23,231,20,0,27,5,283
28.02.23,87,22,117,18,3,247
01.01.23,0,29,169,63,9,270
02.01.23,0,33,245,22,5,305
03.01.23,0,26,216,15,2,259
04.01.23,0,25,216,20,9,270
05.01.23,0,4,76,190,7,277
06.01.23,0,26,232,37,13,308
07.01.23,0,28,196,45,5,274
08.01.23,0,30,206,62,3,301
09.01.23,0,0,0,260,10,270
10.01.23,0,24,159,46,3,232
11.01.23,0,25,185,24,4,238
12.01.23,0,0,0,251,7,258
13.01.23,0,4,57,207,11,279
14.01.23,0,27,178,46,8,259
15.01.23,0,5,83,194,11,293
16.01.23,0,22,192,81,6,301
17.01.23,0,21,204,27,4,256
18.01.23,0,24,213,23,7,267
19.01.23,0,23,257,21,3,304
20.01.23,0,28,315,28,1,372
21.01.23,10,30,134,58,6,238
22.01.23,0,27,177,75,5,284
23.01.23,209,23,0,16,5,253
24.01.23,0,24,177,16,0,217
25.01.23,0,22,200,18,5,245
26.01.23,0,26,201,20,5,252
27.01.23,0,30,224,25,4,283
28.01.23,0,32,149,57,5,243
29.01.23,0,25,205,54,6,290
30.01.23,0,22,209,20,5,256
31.01.23,0,21,163,30,3,217
01.12.22,0,22,239,22,3,286
02.12.22,0,23,248,24,6,301
03.12.22,0,28,173,46,5,252
04.12.22,0,25,204,54,9,292
05.12.22,0,23,237,16,5,281
06.12.22,0,23,216,13,3,255
07.12.22,0,21,219,26,4,270
08.12.22,0,24,246,18,4,292
09.12.22,0,27,249,20,4,300
10.12.22,0,28,149,64,7,248
11.12.22,0,32,198,67,5,302
12.12.22,0,25,225,25,3,278
13.12.22,0,28,211,21,2,262
14.12.22,0,32,216,23,7,278
15.12.22,0,27,230,23,8,288
16.12.22,0,42,238,26,7,313
17.12.22,0,27,176,75,6,284
18.12.22,0,25,196,67,4,292
19.12.22,0,26,235,19,5,285
20.12.22,0,28,220,15,6,269
21.12.22,0,38,228,27,3,296
22.12.22,0,1,0,306,11,318
23.12.22,0,35,204,89,5,333
24.12.22,0,37,169,44,7,257
25.12.22,0,40,192,2,8,242
26.12.22,0,11,101,177,4,293
27.12.22,0,34,206,16,3,259
28.12.22,0,35,213,24,6,278
29.12.22,0,31,223,19,3,276
30.12.22,0,28,234,25,6,293
31.12.22,0,33,171,31,5,240
01.11.22,0,31,169,62,4,266
02.11.22,0,30,234,22,4,290
03.11.22,0,32,238,16,5,291
04.11.22,0,29,231,37,7,304
05.11.22,0,30,187,46,8,271
06.11.22,0,31,224,33,10,298
07.11.22,0,27,251,16,6,300
08.11.22,0,28,222,13,1,264
09.11.22,0,28,227,23,5,283
10.11.22,0,29,234,17,5,285
11.11.22,0,26,256,25,7,314
12.11.22,0,30,183,47,8,268
13.11.22,0,32,207,59,7,305
14.11.22,0,30,235,17,7,289
15.11.22,0,28,214,13,5,260
16.11.22,0,27,240,14,8,289
17.11.22,0,10,100,179,6,295
18.11.22,0,8,133,155,12,308
19.11.22,0,26,175,46,7,254
20.11.22,0,28,196,53,10,287
21.11.22,0,29,190,60,5,284
22.11.22,0,23,198,20,3,244
23.11.22,0,27,214,16,5,262
24.11.22,0,27,223,22,4,276
25.11.22,0,27,256,22,7,312
26.11.22,0,23,178,42,5,248
27.11.22,0,27,215,34,7,283
28.11.22,0,26,235,18,6,285
29.11.22,0,25,217,12,2,256
30.11.22,0,25,215,20,6,266
01.10.22,0,36,212,83,3,334
02.10.22,0,29,133,194,6,362
03.10.22,0,28,222,79,6,335
04.10.22,0,28,253,31,4,316
05.10.22,0,31,251,16,19,317
06.10.22,0,34,259,36,4,333
07.10.22,0,31,287,43,11,372
08.10.22,0,31,218,80,7,336
09.10.22,0,30,247,87,6,370
10.10.22,0,32,257,34,7,330
11.10.22,0,29,252,28,6,315
12.10.22,0,31,254,33,6,324
13.10.22,0,26,265,31,8,330
14.10.22,0,38,291,37,8,374
15.10.22,0,33,215,69,12,329
16.10.22,0,36,236,77,9,358
17.10.22,0,28,262,22,15,327
18.10.22,0,27,251,27,5,310
19.10.22,0,28,243,34,4,309
20.10.22,0,32,255,39,8,334
21.10.22,0,39,261,40,10,350
22.10.22,0,36,210,76,4,326
23.10.22,0,36,259,44,18,357
24.10.22,0,22,218,67,8,315
25.10.22,0,28,247,23,6,304
26.10.22,0,30,247,31,5,313
27.10.22,0,32,259,28,12,331
28.10.22,0,34,271,32,14,351
29.10.22,0,33,198,62,9,302
30.10.22,0,31,255,21,16,323
31.10.22,0,32,240,16,5,293
01.09.22,0,40,257,27,10,334
02.09.22,0,37,269,48,3,357
03.09.22,0,35,177,107,6,325
04.09.22,0,39,216,80,5,340
05.09.22,0,31,268,32,4,335
06.09.22,0,34,257,25,10,326
07.09.22,0,34,287,20,5,346
08.09.22,0,24,195,115,16,350
09.09.22,0,16,153,186,10,365
10.09.22,0,5,93,223,8,329
11.09.22,0,36,240,77,5,358
12.09.22,0,27,273,29,9,338
13.09.22,0,29,261,21,11,322
14.09.22,0,31,221,68,6,326
15.09.22,0,35,261,32,10,338
16.09.22,0,5,87,237,12,341
17.09.22,0,0,24,278,17,319
18.09.22,0,25,130,189,11,355
19.09.22,0,29,279,34,8,350
20.09.22,0,30,255,25,5,315
21.09.22,155,29,107,30,11,332
22.09.22,0,27,292,30,12,361
23.09.22,0,27,283,40,9,359
24.09.22,0,34,200,68,7,309
25.09.22,0,33,267,54,10,364
26.09.22,0,27,263,33,6,329
27.09.22,0,1,0,303,15,319
28.09.22,0,28,253,31,9,321
29.09.22,1,34,257,41,5,338
30.09.22,0,41,294,39,7,381
01.08.22,0,30,170,132,7,339
02.08.22,0,37,245,26,13,321
03.08.22,0,43,244,31,12,330
04.08.22,0,46,236,36,8,326
05.08.22,0,45,238,58,16,357
06.08.22,0,12,152,149,5,318
07.08.22,0,41,226,90,10,367
08.08.22,56,38,204,33,5,336
09.08.22,109,26,146,35,10,326
10.08.22,151,37,81,40,7,316
11.08.22,0,34,257,38,6,335
12.08.22,170,29,98,50,11,358
13.08.22,142,33,77,79,6,337
14.08.22,0,34,213,95,8,350
15.08.22,55,28,173,81,5,342
16.08.22,0,29,263,33,7,332
17.08.22,0,38,226,62,12,338
18.08.22,0,33,257,27,20,337
19.08.22,0,31,271,47,8,357
20.08.22,0,35,234,72,2,343
21.08.22,0,34,259,44,20,357
22.08.22,0,35,262,28,5,330
23.08.22,0,35,242,26,11,314
24.08.22,83,27,175,37,1,323
25.08.22,0,38,263,35,11,347
26.08.22,0,31,191,125,8,355
27.08.22,0,36,223,73,6,338
28.08.22,0,36,204,97,12,349
29.08.22,0,33,286,38,3,360
30.08.22,0,32,259,32,6,329
31.08.22,10,34,243,35,4,326
01.07.22,0,38,262,42,12,354
02.07.22,0,46,205,77,4,332
03.07.22,0,43,231,74,7,355
04.07.22,0,39,277,36,5,357
05.07.22,0,29,258,33,5,325
06.07.22,0,28,263,40,4,335
07.07.22,0,7,96,228,10,341
08.07.22,0,39,288,42,8,377
09.07.22,0,43,213,72,6,334
10.07.22,0,35,217,85,7,344
11.07.22,0,47,264,38,2,351
12.07.22,0,44,233,29,10,316
13.07.22,0,42,244,30,8,324
14.07.22,0,30,163,127,10,330
15.07.22,0,32,183,140,4,359
16.07.22,8,42,205,76,7,338
17.07.22,55,47,154,83,5,344
18.07.22,15,46,242,33,8,344
19.07.22,0,54,221,28,8,311
20.07.22,0,37,150,127,6,320
21.07.22,0,36,247,40,4,327
22.07.22,0,44,224,63,6,337
23.07.22,0,46,216,74,3,339
24.07.22,0,43,221,88,4,356
25.07.22,0,12,119,184,16,331
26.07.22,0,25,152,125,4,306
27.07.22,0,40,233,39,2,314
28.07.22,0,45,258,20,3,326
29.07.22,0,44,254,57,3,358
30.07.22,0,36,226,73,4,339
31.07.22,0,42,230,88,4,364
01.06.22,0,30,249,28,9,316
02.06.22,0,31,256,33,5,325
03.06.22,0,42,252,53,8,355
04.06.22,0,42,190,67,7,306
05.06.22,0,34,141,139,5,319
06.06.22,0,21,239,58,4,322
07.06.22,0,23,249,20,11,303
08.06.22,0,22,238,55,3,318
09.06.22,0,4,149,171,13,337
10.06.22,0,34,280,38,7,359
11.06.22,0,36,203,68,3,310
12.06.22,0,33,224,75,5,337
13.06.22,0,22,281,38,4,345
14.06.22,0,30,265,23,7,325
15.06.22,0,29,240,26,2,297
16.06.22,0,8,87,224,25,344
17.06.22,0,30,265,28,19,342
18.06.22,0,42,194,66,8,310
19.06.22,0,38,228,73,11,350
20.06.22,0,2,78,257,12,349
21.06.22,0,25,241,27,8,301
22.06.22,0,32,255,28,5,320
23.06.22,0,41,256,36,9,342
24.06.22,0,39,246,40,11,336
25.06.22,0,33,245,30,15,323
26.06.22,0,37,212,66,13,328
27.06.22,0,2,105,219,10,336
28.06.22,0,33,235,29,10,307
29.06.22,0,28,254,29,5,316
30.06.22,0,40,229,39,7,315
01.05.22,0,24,209,84,6,323
02.05.22,0,25,254,25,6,310
03.05.22,0,19,230,13,6,268
04.05.22,0,19,231,21,11,282
05.05.22,0,17,229,49,7,302
06.05.22,0,28,273,35,7,343
07.05.22,9,30,176,68,6,289
08.05.22,0,29,204,70,9,312
09.05.22,0,27,247,21,8,303
10.05.22,0,14,243,17,6,280
11.05.22,0,20,259,19,5,303
12.05.22,0,20,216,58,9,303
13.05.22,0,25,265,32,11,333
14.05.22,0,30,189,65,4,288
15.05.22,0,33,201,80,6,320
16.05.22,0,12,137,147,17,313
17.05.22,0,22,221,20,4,267
18.05.22,0,33,238,19,5,295
19.05.22,0,27,238,38,8,311
20.05.22,0,25,170,135,4,334
21.05.22,0,21,112,172,10,315
22.05.22,0,31,236,91,4,362
23.05.22,0,12,166,154,6,338
24.05.22,0,7,146,141,9,303
25.05.22,0,33,330,40,7,410
26.05.22,0,16,149,212,11,388
27.05.22,0,5,60,241,13,319
28.05.22,0,29,197,58,5,289
29.05.22,0,14,194,121,12,341
30.05.22,0,30,287,32,1,350
31.05.22,0,22,251,22,4,299
01.04.22,0,25,182,99,5,311
02.04.22,0,27,181,49,4,261
03.04.22,0,31,186,80,6,303
04.04.22,0,18,233,21,4,276
05.04.22,0,20,191,16,3,230
06.04.22,0,18,137,107,4,266
07.04.22,0,0,7,265,16,288
08.04.22,0,12,92,207,9,320
09.04.22,0,6,33,227,7,273
10.04.22,0,32,179,80,5,296
11.04.22,0,27,226,19,4,276
12.04.22,0,25,215,19,2,261
13.04.22,0,41,217,26,3,287
14.04.22,0,25,207,89,3,324
15.04.22,0,38,201,83,6,328
16.04.22,114,30,55,68,1,268
17.04.22,178,29,11,69,5,292
18.04.22,0,31,188,73,3,295
19.04.22,0,23,222,21,5,271
20.04.22,110,31,96,25,3,265
21.04.22,107,29,121,28,4,289
22.04.22,0,36,241,35,5,317
23.04.22,0,34,176,67,6,283
24.04.22,0,22,144,149,12,327
25.04.22,0,27,227,35,7,296
26.04.22,0,21,215,24,7,267
27.04.22,0,24,233,13,9,279
28.04.22,72,22,183,28,9,314
29.04.22,0,27,265,32,7,331
30.04.22,0,19,165,84,7,275
01.03.22,0,17,155,5,4,181
02.03.22,0,20,169,8,4,201
03.03.22,0,21,196,10,4,231
04.03.22,0,29,212,15,2,258
05.03.22,0,30,156,33,4,223
06.03.22,0,29,149,48,4,230
07.03.22,110,24,69,7,2,212
08.03.22,0,17,159,7,1,184
09.03.22,0,20,175,10,3,208
10.03.22,0,25,188,10,1,224
11.03.22,0,28,192,13,5,238
12.03.22,0,33,144,36,9,222
13.03.22,0,0,177,47,6,230
14.03.22,0,20,177,7,2,206
15.03.22,0,13,160,6,2,181
16.03.22,0,22,169,9,3,203
17.03.22,0,25,189,13,2,229
18.03.22,161,23,33,17,6,240
19.03.22,134,27,13,42,4,220
20.03.22,0,27,159,52,3,241
21.03.22,0,24,173,7,4,208
22.03.22,0,12,160,11,2,185
23.03.22,0,19,172,8,3,202
24.03.22,0,24,185,15,2,226
25.03.22,55,23,154,16,2,250
26.03.22,62,33,76,40,6,217
27.03.22,0,25,189,59,7,280
28.03.22,0,23,213,18,2,256
29.03.22,0,19,192,13,7,231
30.03.22,0,20,201,30,6,257
31.03.22,0,20,144,110,4,278
01.02.22,0,8,98,44,5,155
02.02.22,0,16,133,8,6,163
03.02.22,0,19,153,15,2,189
04.02.22,0,14,118,67,8,207
05.02.22,0,23,144,24,3,194
06.02.22,0,1,19,174,7,201
07.02.22,0,2,38,138,6,184
08.02.22,0,13,131,5,3,152
09.02.22,0,17,140,8,3,168
10.02.22,0,15,118,58,3,194
11.02.22,0,16,161,37,4,218
12.02.22,0,22,148,47,9,226
13.02.22,0,22,150,40,1,213
14.02.22,0,22,154,9,2,187
15.02.22,0,9,114,46,3,172
16.02.22,0,17,144,15,4,180
17.02.22,0,0,1,181,8,190
18.02.22,0,15,123,68,7,213
19.02.22,0,12,101,112,9,234
20.02.22,0,2,0,219,10,231
21.02.22,0,0,0,187,10,197
22.02.22,0,13,153,8,1,175
23.02.22,0,20,141,10,4,175
24.02.22,0,14,101,94,3,212
25.02.22,0,3,74,136,12,225
26.02.22,121,24,64,12,6,227
27.02.22,147,25,15,53,3,243
28.02.22,0,20,167,10,3,200
01.01.22,0,21,141,35,4,201
02.01.22,0,17,220,36,1,274
03.01.22,0,20,207,16,2,245
04.01.22,0,0,0,210,6,216
05.01.22,0,3,104,98,7,212
06.01.22,0,20,145,49,2,216
07.01.22,0,20,188,23,3,234
08.01.22,0,18,151,65,4,238
09.01.22,0,11,106,129,8,254
10.01.22,0,18,166,12,1,197
11.01.22,0,15,147,5,5,172
12.01.22,0,18,143,6,6,173
13.01.22,0,14,164,11,3,192
14.01.22,0,16,185,9,4,214
15.01.22,0,18,149,16,6,189
16.01.22,0,16,150,18,9,193
17.01.22,0,16,165,7,3,191
18.01.22,0,10,149,9,1,169
19.01.22,0,12,103,52,5,172
20.01.22,0,13,139,12,1,165
21.01.22,0,17,171,12,2,202
22.01.22,0,15,130,32,5,182
23.01.22,0,19,135,38,4,196
24.01.22,0,18,158,7,4,187
25.01.22,0,12,125,5,2,144
26.01.22,0,17,144,8,3,172
27.01.22,0,18,159,11,0,188
28.01.22,0,18,181,12,2,213
29.01.22,0,5,80,85,11,181
30.01.22,0,4,61,122,10,197
31.01.22,0,0,25,145,10,180
01.12.21,0,12,92,83,3,190
02.12.21,0,18,163,20,6,207
03.12.21,0,18,200,15,1,234
04.12.21,0,20,113,47,14,194
05.12.21,0,18,150,41,5,214
06.12.21,0,18,172,5,3,198
07.12.21,0,13,153,5,2,173
08.12.21,22,18,143,12,5,200
09.12.21,0,19,193,10,4,226
10.12.21,0,28,187,15,2,232
11.12.21,0,17,132,42,4,195
12.12.21,0,20,157,39,3,219
13.12.21,0,17,186,4,2,209
14.12.21,0,14,167,5,5,191
15.12.21,0,17,189,8,8,222
16.12.21,0,24,201,13,4,242
17.12.21,0,23,222,15,5,265
18.12.21,91,24,87,37,20,259
19.12.21,0,19,175,48,6,248
20.12.21,0,21,208,11,3,243
21.12.21,0,18,184,8,3,213
22.12.21,0,18,213,14,7,252
23.12.21,0,22,216,20,3,261
24.12.21,0,28,169,16,3,216
25.12.21,0,30,125,28,6,189
26.12.21,0,27,168,44,5,244
27.12.21,0,26,212,11,2,251
28.12.21,0,17,102,91,7,217
29.12.21,0,21,178,9,2,210
30.12.21,0,25,183,15,4,227
31.12.21,0,18,160,11,7,196
01.11.21,0,23,154,44,2,223
02.11.21,0,11,85,91,10,197
03.11.21,0,20,181,10,3,214
04.11.21,0,16,116,93,2,227
05.11.21,0,17,211,13,7,248
06.11.21,0,24,146,41,7,218
07.11.21,0,14,183,48,8,253
08.11.21,0,20,189,7,2,218
09.11.21,13,15,164,7,3,202
10.11.21,0,15,180,9,6,210
11.11.21,0,20,202,10,5,237
12.11.21,0,21,218,7,6,252
13.11.21,0,27,149,6,13,195
14.11.21,0,18,171,24,15,228
15.11.21,0,23,185,6,3,217
16.11.21,0,16,168,5,3,192
17.11.21,0,14,180,6,7,207
18.11.21,0,20,186,13,3,222
19.11.21,0,15,211,2,6,234
20.11.21,0,22,166,4,12,204
21.11.21,0,16,186,21,9,232
22.11.21,41,20,132,11,3,207
23.11.21,0,16,167,6,3,192
24.11.21,0,14,169,7,6,196
25.11.21,0,20,203,15,4,242
26.11.21,0,18,200,13,1,232
27.11.21,0,22,121,36,13,192
28.11.21,0,21,162,40,4,227
29.11.21,0,15,156,27,2,200
30.11.21,0,3,83,94,4,184
01.10.21,0,26,258,17,4,305
02.10.21,0,33,177,56,11,277
03.10.21,0,18,157,109,7,291
04.10.21,0,23,232,15,4,274
05.10.21,0,18,171,14,5,208
06.10.21,0,16,186,17,2,221
07.10.21,0,28,229,17,6,280
08.10.21,208,23,44,20,6,301
09.10.21,52,31,129,57,10,279
10.10.21,0,24,222,57,8,311
11.10.21,0,16,216,11,10,253
12.10.21,0,16,172,12,4,204
13.10.21,0,19,197,12,9,237
14.10.21,0,19,223,18,3,263
15.10.21,0,20,249,18,9,296
16.10.21,0,26,162,52,28,268
17.10.21,0,19,226,23,19,287
18.10.21,0,13,237,10,8,268
19.10.21,0,13,191,11,5,220
20.10.21,0,5,121,95,11,232
21.10.21,0,0,10,253,5,268
22.10.21,0,18,244,19,5,286
23.10.21,65,20,107,70,6,268
24.10.21,0,20,214,64,3,301
25.10.21,0,14,219,9,7,249
26.10.21,0,15,162,10,3,190
27.10.21,0,17,185,9,7,218
28.10.21,0,15,226,15,6,262
29.10.21,0,23,239,2,13,277
30.10.21,0,27,156,50,14,247
31.10.21,0,27,193,22,10,252
01.09.21,79,17,104,18,3,221
02.09.21,36,25,184,16,4,265
03.09.21,0,23,251,14,8,296
04.09.21,0,28,179,53,9,269
05.09.21,0,24,194,55,10,283
06.09.21,0,23,212,18,1,254
07.09.21,0,13,174,4,5,196
08.09.21,0,14,190,7,8,219
09.09.21,0,17,234,12,7,270
10.09.21,0,22,211,59,6,298
11.09.21,0,20,126,102,10,258
12.09.21,0,26,207,43,16,292
13.09.21,0,14,213,16,3,246
14.09.21,0,13,163,7,4,187
15.09.21,0,15,195,13,3,226
16.09.21,0,24,215,15,3,257
17.09.21,0,26,244,14,7,291
18.09.21,0,27,185,52,6,270
19.09.21,0,10,126,134,15,285
20.09.21,0,21,225,18,0,264
21.09.21,0,13,180,9,5,207
22.09.21,145,14,74,13,6,252
23.09.21,0,19,224,9,5,257
24.09.21,0,24,264,12,8,308
25.09.21,0,25,195,14,20,254
26.09.21,0,26,217,23,18,284
27.09.21,0,23,222,17,6,268
28.09.21,0,11,169,9,3,192
29.09.21,0,5,93,119,7,224
30.09.21,0,20,223,14,5,262
01.08.21,0,18,154,100,11,283
02.08.21,0,22,198,38,3,261
03.08.21,0,12,116,68,11,207
04.08.21,0,22,171,17,8,218
05.08.21,0,18,211,18,6,253
06.08.21,0,9,171,87,16,283
07.08.21,0,20,174,75,13,282
08.08.21,0,16,172,96,11,295
09.08.21,0,15,215,12,8,250
10.08.21,0,16,161,9,6,192
11.08.21,0,15,176,11,11,213
12.08.21,0,21,197,17,7,242
13.08.21,0,18,234,14,14,280
14.08.21,0,22,197,46,10,275
15.08.21,0,30,202,59,12,303
16.08.21,0,0,40,211,11,262
17.08.21,0,32,112,41,5,190
18.08.21,0,7,108,93,3,211
19.08.21,0,16,208,15,6,245
20.08.21,0,18,226,20,7,271
21.08.21,0,23,177,52,20,272
22.08.21,0,5,139,132,13,289
23.08.21,0,16,224,14,7,261
24.08.21,143,14,8,8,6,179
25.08.21,0,16,181,14,5,216
26.08.21,0,2,90,145,8,245
27.08.21,0,24,218,24,6,272
28.08.21,0,25,171,58,5,259
29.08.21,0,17,112,136,9,274
30.08.21,0,17,203,16,4,240
31.08.21,0,23,169,8,2,202
01.07.21,0,1,102,115,7,225
02.07.21,0,17,211,14,8,250
03.07.21,0,24,169,47,3,243
04.07.21,0,11,137,90,13,251
05.07.21,0,16,186,17,5,224
06.07.21,0,3,78,69,12,162
07.07.21,0,8,152,14,4,178
08.07.21,0,19,178,16,3,216
09.07.21,0,16,213,13,9,251
10.07.21,0,33,153,63,4,253
11.07.21,0,20,173,47,28,268
12.07.21,0,20,186,14,7,227
13.07.21,0,12,137,4,14,167
14.07.21,0,10,160,26,2,198
15.07.21,0,13,126,83,1,223
16.07.21,0,27,211,17,10,265
17.07.21,0,32,172,64,7,275
18.07.21,140,21,32,58,8,259
19.07.21,111,22,83,18,4,238
20.07.21,0,21,160,11,5,197
21.07.21,0,18,178,17,8,221
22.07.21,0,21,213,19,3,256
23.07.21,0,29,231,20,4,284
24.07.21,0,46,155,66,4,271
25.07.21,0,25,181,61,11,278
26.07.21,0,27,185,29,8,249
27.07.21,0,17,168,10,5,200
28.07.21,0,17,160,15,7,199
29.07.21,0,21,206,16,4,247
30.07.21,0,22,236,17,13,288
31.07.21,0,10,94,170,6,280
01.06.21,0,3,92,2,10,107
02.06.21,0,3,104,4,5,116
03.06.21,0,6,103,29,11,149
04.06.21,0,3,142,8,14,167
05.06.21,0,5,102,35,17,159
06.06.21,0,9,139,17,17,182
07.06.21,0,4,125,5,8,142
08.06.21,0,2,101,4,10,117
09.06.21,0,2,100,4,8,114
10.06.21,0,10,145,6,6,167
11.06.21,0,12,158,9,6,185
12.06.21,0,11,70,59,17,157
13.06.21,0,15,133,23,10,181
14.06.21,0,5,127,5,8,145
15.06.21,0,2,95,2,9,108
16.06.21,0,5,106,6,4,121
17.06.21,0,8,152,7,4,171
18.06.21,0,14,165,23,1,203
19.06.21,33,24,77,43,7,184
20.06.21,15,14,91,69,11,200
21.06.21,0,9,139,10,5,163
22.06.21,0,3,101,5,9,118
23.06.21,0,3,104,8,5,120
24.06.21,0,10,125,46,7,188
25.06.21,0,10,200,9,6,225
26.06.21,0,23,118,43,2,186
27.06.21,0,13,152,28,6,199
28.06.21,0,12,119,33,3,167
29.06.21,0,4,91,18,8,121
30.06.21,0,0,8,117,18,143
01.05.21,0,11,71,18,14,114
02.05.21,0,6,51,49,10,116
03.05.21,0,3,72,2,8,85
04.05.21,0,0,34,27,8,69
05.05.21,0,0,3,82,6,91
06.05.21,0,3,57,21,19,100
07.05.21,0,0,6,102,33,141
08.05.21,0,11,83,16,16,126
09.05.21,0,2,91,10,17,120
10.05.21,0,0,16,75,9,100
11.05.21,0,1,56,19,13,89
12.05.21,0,8,104,5,4,121
13.05.21,0,0,16,84,25,125
14.05.21,0,6,66,32,15,119
15.05.21,0,3,58,34,22,117
16.05.21,0,5,127,12,13,157
17.05.21,0,0,2,95,20,117
18.05.21,0,0,2,69,18,89
19.05.21,0,0,36,58,3,97
20.05.21,0,4,102,4,13,123
21.05.21,0,10,149,7,12,178
22.05.21,0,0,5,135,10,150
23.05.21,0,2,85,15,17,119
24.05.21,0,1,105,16,17,139
25.05.21,0,1,9,75,14,99
26.05.21,0,0,15,69,11,95
27.05.21,0,2,98,5,12,117
28.05.21,0,11,135,6,8,160
29.05.21,66,17,27,15,18,143
30.05.21,130,6,0,17,14,167
31.05.21,0,10,112,5,4,131
01.04.21,0,13,115,2,8,138
02.04.21,5,3,65,33,19,125
03.04.21,65,7,0,12,17,101
04.04.21,34,1,33,12,11,91
05.04.21,0,0,12,72,18,102
06.04.21,0,0,49,31,5,85
07.04.21,0,0,1,58,11,70
08.04.21,0,9,82,2,6,99
09.04.21,0,3,99,14,6,122
10.04.21,0,11,69,27,7,114
11.04.21,0,4,67,52,11,134
12.04.21,0,5,75,4,3,87
13.04.21,12,0,49,1,7,69
14.04.21,53,0,20,1,7,81
15.04.21,55,2,22,4,10,93
16.04.21,98,4,12,7,6,127
17.04.21,71,2,0,13,21,107
18.04.21,0,8,56,44,11,119
19.04.21,0,4,74,6,10,94
20.04.21,0,8,62,1,3,74
21.04.21,0,1,44,23,10,78
22.04.21,0,6,66,12,10,94
23.04.21,71,6,35,5,13,130
24.04.21,0,10,78,18,17,123
25.04.21,12,11,69,14,8,114
26.04.21,23,2,49,2,12,88
27.04.21,0,2,50,1,7,60
28.04.21,0,2,61,13,7,83
29.04.21,0,4,64,16,14,98
30.04.21,0,2,83,18,18,121
01.03.21,0,1,57,1,7,66
02.03.21,0,5,49,1,2,57
03.03.21,0,2,60,1,5,68
04.03.21,0,3,53,13,12,81
05.03.21,0,5,72,3,8,88
06.03.21,31,3,15,10,15,74
07.03.21,0,2,64,10,11,87
08.03.21,27,4,40,2,5,78
09.03.21,0,1,44,2,10,57
10.03.21,0,5,58,2,6,71
11.03.21,0,0,8,54,13,75
12.03.21,0,0,4,70,11,85
13.03.21,0,0,22,37,9,68
14.03.21,0,0,55,19,11,85
15.03.21,0,4,39,24,7,74
16.03.21,0,0,13,34,9,56
17.03.21,0,1,52,2,10,65
18.03.21,0,4,73,7,7,91
19.03.21,0,5,75,23,3,106
20.03.21,42,6,19,7,12,86
21.03.21,0,3,64,15,10,92
22.03.21,0,1,68,2,7,78
23.03.21,14,2,40,3,3,62
24.03.21,0,5,71,2,4,82
25.03.21,0,8,59,21,8,96
26.03.21,0,4,100,7,5,116
27.03.21,0,0,11,59,42,112
28.03.21,0,9,81,9,11,110
29.03.21,0,4,82,1,8,95
30.03.21,0,2,62,4,7,75
31.03.21,0,3,75,2,9,89
01.02.21,0,7,47,2,5,61
02.02.21,0,0,34,12,6,52
03.02.21,0,8,42,7,4,61
04.02.21,0,4,59,1,11,75
05.02.21,0,4,74,2,4,84
06.02.21,0,11,46,7,5,69
07.02.21,0,1,30,38,10,79
08.02.21,0,3,38,10,9,60
09.02.21,0,3,37,4,4,48
10.02.21,0,7,30,11,4,52
11.02.21,27,4,15,17,7,70
12.02.21,62,1,25,4,7,99
13.02.21,59,7,0,10,10,86
14.02.21,0,3,56,8,5,72
15.02.21,0,2,61,0,6,69
16.02.21,0,1,47,3,5,56
17.02.21,0,2,44,1,6,53
18.02.21,0,2,66,1,10,79
19.02.21,0,5,78,4,4,91
20.02.21,0,1,75,4,12,92
21.02.21,0,4,76,6,6,92
22.02.21,0,4,60,0,5,69
23.02.21,0,1,43,1,5,50
24.02.21,0,5,58,2,4,69
25.02.21,0,7,51,0,8,66
26.02.21,0,2,78,4,5,89
27.02.21,77,5,0,5,10,97
28.02.21,30,1,37,10,10,88
01.01.21,0,4,45,8,7,64
02.01.21,0,3,90,10,17,120
03.01.21,0,2,121,21,11,155
04.01.21,60,1,39,2,5,107
05.01.21,0,0,69,1,4,74
06.01.21,0,3,67,14,5,89
07.01.21,0,5,81,4,6,96
08.01.21,0,6,87,4,7,104
09.01.21,28,1,52,5,15,101
10.01.21,104,3,0,11,9,127
11.01.21,0,3,81,3,7,94
12.01.21,0,11,35,5,6,57
13.01.21,0,3,58,4,6,71
14.01.21,0,22,55,13,2,92
15.01.21,0,23,67,2,8,100
16.01.21,0,9,63,1,9,82
17.01.21,0,2,60,13,9,84
18.01.21,0,1,69,1,9,80
19.01.21,0,6,46,1,5,58
20.01.21,0,3,57,2,3,65
21.01.21,4,4,34,14,13,69
22.01.21,0,4,70,3,6,83
23.01.21,0,11,45,6,5,67
24.01.21,0,3,51,25,7,86
25.01.21,0,7,56,4,1,68
26.01.21,0,0,25,20,7,52
27.01.21,0,3,40,11,1,55
28.01.21,0,8,36,24,6,74
29.01.21,0,0,3,70,17,90
30.01.21,0,6,49,8,8,71
31.01.21,0,4,61,12,9,86
01.12.20,0,3,40,7,2,52
02.12.20,0,3,65,3,5,76
03.12.20,0,8,82,4,5,99
04.12.20,0,2,94,3,5,104
05.12.20,0,9,62,9,9,89
06.12.20,0,5,73,3,8,89
07.12.20,0,7,75,2,7,91
08.12.20,0,3,58,0,8,69
09.12.20,0,4,69,4,1,78
10.12.20,0,6,75,2,9,92
11.12.20,0,1,109,3,8,121
12.12.20,0,9,67,4,9,89
13.12.20,0,6,84,11,6,107
14.12.20,0,4,76,1,5,86
15.12.20,0,5,65,1,10,81
16.12.20,0,4,87,1,5,97
17.12.20,0,11,105,2,9,127
18.12.20,0,10,151,1,1,163
19.12.20,0,11,143,5,7,166
20.12.20,0,3,121,15,9,148
21.12.20,0,11,101,4,4,120
22.12.20,0,2,56,30,7,95
23.12.20,0,5,97,8,4,114
24.12.20,0,0,23,48,12,83
25.12.20,0,1,62,13,8,84
26.12.20,0,10,85,15,4,114
27.12.20,0,5,85,22,5,117
28.12.20,0,5,95,7,3,110
29.12.20,0,0,28,41,3,72
30.12.20,0,3,90,2,3,98
31.12.20,0,1,52,0,7,60
01.11.20,0,4,102,12,9,127
02.11.20,0,3,90,3,7,103
03.11.20,0,0,37,23,10,70
04.11.20,0,4,67,4,3,78
05.11.20,0,7,80,2,9,98
06.11.20,0,0,104,2,6,112
07.11.20,0,6,73,4,18,101
08.11.20,0,5,76,7,11,99
09.11.20,0,4,77,1,5,87
10.11.20,0,2,54,1,5,62
11.11.20,0,1,64,3,7,75
12.11.20,0,8,82,5,6,101
13.11.20,0,1,92,1,9,103
14.11.20,0,6,64,10,10,90
15.11.20,0,7,76,8,6,97
16.11.20,0,4,69,10,6,89
17.11.20,0,0,59,2,7,68
18.11.20,0,2,65,2,3,72
19.11.20,0,6,51,22,10,89
20.11.20,0,2,93,4,7,106
21.11.20,0,1,57,7,17,82
22.11.20,0,1,70,6,7,84
23.11.20,0,1,61,1,8,71
24.11.20,0,2,56,2,6,66
25.11.20,0,2,59,5,4,70
26.11.20,0,0,69,0,9,78
27.11.20,0,3,98,2,4,107
28.11.20,0,1,56,11,12,80
29.11.20,0,1,69,11,7,88
30.11.20,0,4,88,1,7,100
01.10.20,0,7,103,21,4,135
02.10.20,45,14,89,8,8,164
03.10.20,0,19,70,57,18,164
04.10.20,0,5,87,67,8,167
05.10.20,0,2,40,88,5,135
06.10.20,0,2,43,53,2,100
07.10.20,0,1,57,58,13,129
08.10.20,0,5,111,4,4,124
09.10.20,0,7,151,10,3,171
10.10.20,0,11,99,39,13,162
11.10.20,0,6,130,33,10,179
12.10.20,0,6,118,2,7,133
13.10.20,0,6,92,1,5,104
14.10.20,54,4,50,7,5,120
15.10.20,0,10,99,5,5,119
16.10.20,0,7,146,8,7,168
17.10.20,0,10,106,30,13,159
18.10.20,0,3,115,22,14,154
19.10.20,0,2,105,5,8,120
20.10.20,0,2,75,5,4,86
21.10.20,0,2,80,6,3,91
22.10.20,0,5,68,26,11,110
23.10.20,0,4,123,3,7,137
24.10.20,0,8,87,27,12,134
25.10.20,0,3,92,12,12,119
26.10.20,0,0,80,26,5,111
27.10.20,0,6,72,3,3,84
28.10.20,0,2,82,5,2,91
29.10.20,0,3,43,58,9,113
30.10.20,0,3,81,38,4,126
31.10.20,0,7,91,0,13,111
01.09.20,0,5,118,5,5,133
02.09.20,0,2,113,6,8,129
03.09.20,0,7,137,7,5,156
04.09.20,0,4,161,10,10,185
05.09.20,0,10,94,42,22,168
06.09.20,0,6,123,26,18,173
07.09.20,101,2,40,11,4,158
08.09.20,0,5,101,5,5,116
09.09.20,0,1,120,10,5,136
10.09.20,33,10,82,11,4,140
11.09.20,0,8,161,7,8,184
12.09.20,0,11,113,25,15,164
13.09.20,0,7,128,36,7,178
14.09.20,0,2,121,9,8,140
15.09.20,0,7,102,2,4,115
16.09.20,0,2,132,8,2,144
17.09.20,75,2,41,4,12,134
18.09.20,0,7,147,7,10,171
19.09.20,0,10,104,30,16,160
20.09.20,9,6,126,28,6,175
21.09.20,0,3,108,13,6,130
22.09.20,0,6,115,6,4,131
23.09.20,0,1,113,6,8,128
24.09.20,0,7,106,10,7,130
25.09.20,0,9,140,21,7,177
26.09.20,0,1,0,138,13,152
27.09.20,0,6,105,51,12,174
28.09.20,0,9,115,12,4,140
29.09.20,0,5,104,7,2,118
30.09.20,0,2,119,3,8,132
01.08.20,0,18,125,41,9,193
02.08.20,0,7,109,55,15,186
03.08.20,0,4,148,10,5,167
04.08.20,0,5,118,3,5,131
05.08.20,79,3,57,6,6,151
06.08.20,0,8,142,11,5,166
07.08.20,0,10,160,11,7,188
08.08.20,0,20,128,49,8,205
09.08.20,0,12,129,32,13,186
10.08.20,0,5,145,10,9,169
11.08.20,0,7,112,3,3,125
12.08.20,0,4,132,5,5,146
13.08.20,0,10,133,12,3,158
14.08.20,0,8,157,11,4,180
15.08.20,0,18,127,29,22,196
16.08.20,0,9,138,33,13,193
17.08.20,0,5,148,10,5,168
18.08.20,0,4,94,18,2,118
19.08.20,0,1,126,6,7,140
20.08.20,0,9,128,3,6,146
21.08.20,0,6,165,10,1,182
22.08.20,0,8,100,29,41,178
23.08.20,0,0,7,143,20,170
24.08.20,0,0,54,86,11,151
25.08.20,0,6,102,4,3,115
26.08.20,0,0,0,123,13,136
27.08.20,0,6,136,7,4,153
28.08.20,0,4,85,90,8,187
29.08.20,0,12,111,28,15,166
30.08.20,0,3,104,48,14,169
31.08.20,0,4,145,6,7,162
01.07.20,0,13,77,35,5,130
02.07.20,0,3,48,72,7,130
03.07.20,0,4,138,8,8,158
04.07.20,0,9,78,28,20,135
05.07.20,0,2,55,66,17,140
06.07.20,0,0,24,74,31,129
07.07.20,0,8,101,4,9,122
08.07.20,0,2,61,68,4,135
09.07.20,0,11,118,9,3,141
10.07.20,0,6,89,73,3,171
11.07.20,0,14,90,47,6,157
12.07.20,80,8,23,23,15,149
13.07.20,0,7,123,14,4,148
14.07.20,0,7,95,8,4,114
15.07.20,0,3,85,48,7,143
16.07.20,0,11,89,42,11,153
17.07.20,0,6,144,12,1,163
18.07.20,65,18,30,36,18,167
19.07.20,0,10,107,32,13,162
20.07.20,0,6,129,13,6,154
21.07.20,0,8,104,4,5,121
22.07.20,0,5,126,10,7,148
23.07.20,0,12,98,41,7,158
24.07.20,0,8,123,21,7,159
25.07.20,0,15,114,39,13,181
26.07.20,0,3,95,47,21,166
27.07.20,0,5,136,11,3,155
28.07.20,0,1,71,46,4,122
29.07.20,0,4,127,8,5,144
30.07.20,0,7,120,8,9,144
31.07.20,0,13,158,13,1,185
01.06.20,0,2,38,4,2,46
02.06.20,13,2,16,1,7,39
03.06.20,0,3,28,11,5,47
04.06.20,0,3,48,4,3,58
05.06.20,0,2,22,45,9,78
06.06.20,0,0,3,36,8,47
07.06.20,0,3,54,4,6,67
08.06.20,24,4,36,4,5,73
09.06.20,0,2,31,2,6,41
10.06.20,0,0,42,3,4,49
11.06.20,0,2,34,3,10,49
12.06.20,0,3,55,1,4,63
13.06.20,12,9,23,6,10,60
14.06.20,0,7,53,2,6,68
15.06.20,0,5,84,5,1,95
16.06.20,4,2,41,2,7,56
17.06.20,0,1,66,1,5,73
18.06.20,0,2,62,5,6,75
19.06.20,0,4,93,2,3,102
20.06.20,0,10,51,20,5,86
21.06.20,0,5,73,9,6,93
22.06.20,0,3,86,3,7,99
23.06.20,33,0,26,0,6,65
24.06.20,43,5,28,3,2,81
25.06.20,0,4,77,5,5,91
26.06.20,0,2,69,31,5,107
27.06.20,0,9,60,8,9,86
28.06.20,0,1,55,22,13,91
29.06.20,0,1,80,17,4,102
30.06.20,0,1,67,3,6,77
01.05.20,0,0,8,14,8,30
02.05.20,0,2,8,7,5,22
03.05.20,0,1,21,2,10,34
04.05.20,0,2,19,8,3,32
05.05.20,0,0,17,0,0,17
06.05.20,0,2,19,1,5,27
07.05.20,0,3,30,2,1,36
08.05.20,0,0,34,1,8,43
09.05.20,0,2,21,6,5,34
10.05.20,0,1,20,6,6,33
11.05.20,0,0,13,12,10,35
12.05.20,23,0,2,0,5,30
13.05.20,0,2,26,2,5,35
14.05.20,30,2,1,4,7,44
15.05.20,1,1,33,0,9,44
16.05.20,0,4,22,3,5,34
17.05.20,0,6,23,2,9,40
18.05.20,0,1,25,3,5,34
19.05.20,14,3,7,1,7,32
20.05.20,31,5,13,2,3,54
21.05.20,0,3,30,4,7,44
22.05.20,0,1,26,0,3,30
23.05.20,0,0,13,5,7,25
24.05.20,0,3,22,20,3,48
25.05.20,0,3,40,1,6,50
26.05.20,0,1,37,3,7,48
27.05.20,18,5,21,0,2,46
28.05.20,1,2,31,4,1,39
29.05.20,40,1,2,1,8,52
30.05.20,24,2,4,7,6,43
31.05.20,19,1,1,2,10,33
01.04.20,0,1,31,3,3,38
02.04.20,0,2,18,6,0,26
03.04.20,0,1,29,2,2,34
04.04.20,0,4,16,2,4,26
05.04.20,8,3,17,3,1,32
06.04.20,0,2,17,2,2,23
07.04.20,9,2,10,0,1,22
08.04.20,0,5,27,1,0,33
09.04.20,0,2,19,1,0,22
10.04.20,0,1,13,3,6,23
11.04.20,1,1,11,3,3,19
12.04.20,0,2,17,2,5,26
13.04.20,0,0,15,4,6,25
14.04.20,6,1,2,0,1,10
15.04.20,0,0,19,0,4,23
16.04.20,0,1,27,1,0,29
17.04.20,0,3,25,0,5,33
18.04.20,0,1,15,2,7,25
19.04.20,8,3,2,3,7,23
20.04.20,11,0,3,2,3,19
21.04.20,20,1,2,1,2,26
22.04.20,10,1,10,0,1,22
23.04.20,0,0,23,2,6,31
24.04.20,0,0,14,17,4,35
25.04.20,0,1,15,2,3,21
26.04.20,0,3,16,1,6,26
27.04.20,0,0,14,6,5,25
28.04.20,0,3,19,0,2,24
29.04.20,0,1,9,13,5,28
30.04.20,0,3,13,3,4,23
01.03.20,0,36,184,101,6,327
02.03.20,0,29,202,86,6,323
03.03.20,0,26,254,22,4,306
04.03.20,0,30,262,25,4,321
05.03.20,0,30,175,119,6,330
06.03.20,0,0,0,331,6,337
07.03.20,0,10,78,178,8,274
08.03.20,0,29,216,62,4,311
09.03.20,0,10,134,129,6,279
10.03.20,0,23,179,14,2,218
11.03.20,0,13,134,86,6,239
12.03.20,0,7,79,165,5,256
13.03.20,0,0,0,248,21,269
14.03.20,0,13,102,103,5,223
15.03.20,0,17,156,58,2,233
16.03.20,0,17,149,9,2,177
17.03.20,0,10,129,10,3,152
18.03.20,0,10,99,7,2,118
19.03.20,0,8,95,5,1,109
20.03.20,0,11,98,9,5,123
21.03.20,27,9,15,15,11,77
22.03.20,47,9,0,17,7,80
23.03.20,28,5,3,0,6,42
24.03.20,21,0,6,1,6,34
25.03.20,28,1,5,0,6,40
26.03.20,17,3,21,2,2,45
27.03.20,0,4,44,1,3,52
28.03.20,0,1,16,1,5,23
29.03.20,0,0,25,4,11,40
30.03.20,27,0,3,0,4,34
31.03.20,22,2,2,0,3,29
01.02.20,0,33,113,120,8,274
02.02.20,0,5,14,274,17,310
03.02.20,0,0,0,329,9,338
04.02.20,0,0,0,299,5,304
05.02.20,0,5,103,203,4,315
06.02.20,0,28,271,29,3,331
07.02.20,0,34,284,24,2,344
08.02.20,0,35,173,73,5,286
09.02.20,0,25,100,147,6,278
10.02.20,0,0,21,218,3,242
11.02.20,0,0,0,291,5,296
12.02.20,0,0,0,308,5,313
13.02.20,0,24,162,120,4,310
14.02.20,0,30,276,42,3,351
15.02.20,0,36,193,59,4,292
16.02.20,0,35,210,71,3,319
17.02.20,0,15,180,126,3,324
18.02.20,0,10,144,132,7,293
19.02.20,0,0,25,296,7,328
20.02.20,0,31,263,33,5,332
21.02.20,0,29,292,25,3,349
22.02.20,0,37,185,77,4,303
23.02.20,0,8,39,265,8,320
24.02.20,0,29,216,88,2,335
25.02.20,0,7,87,216,7,317
26.02.20,0,3,31,278,7,319
27.02.20,0,26,192,117,2,337
28.02.20,0,31,298,28,3,360
29.02.20,0,43,160,84,4,291
01.01.20,0,31,212,33,7,283
02.01.20,0,31,265,30,5,331
03.01.20,0,37,270,25,6,338
04.01.20,0,33,194,67,3,297
05.01.20,0,32,229,82,4,347
06.01.20,0,39,274,12,4,329
07.01.20,0,32,246,20,2,300
08.01.20,0,32,262,22,4,320
09.01.20,0,29,262,30,4,325
10.01.20,0,34,286,22,5,347
11.01.20,0,34,170,65,4,273
12.01.20,0,34,243,38,2,317
13.01.20,0,34,256,24,1,315
14.01.20,0,30,242,20,4,296
15.01.20,0,30,269,23,5,327
16.01.20,0,27,273,26,2,328
17.01.20,0,33,287,26,3,349
18.01.20,0,18,121,129,7,275
19.01.20,0,32,229,84,3,348
20.01.20,249,34,43,40,2,368
21.01.20,0,32,271,20,1,324
22.01.20,1,32,271,29,9,342
23.01.20,3,34,298,38,4,377
24.01.20,0,39,354,23,2,418
25.01.20,0,40,224,12,5,281
26.01.20,0,32,241,41,3,317
27.01.20,0,37,259,20,4,320
28.01.20,0,0,0,281,8,289
29.01.20,0,30,190,90,6,316
30.01.20,0,31,258,22,6,317
31.01.20,0,33,273,26,4,336
01.12.19,0,32,218,79,4,333
02.12.19,0,29,273,29,3,334
03.12.19,0,32,251,21,2,306
04.12.19,0,27,282,26,4,339
05.12.19,0,31,266,28,5,330
06.12.19,0,37,276,28,5,346
07.12.19,0,12,102,142,10,266
08.12.19,0,31,207,77,6,321
09.12.19,0,1,0,340,14,355
10.12.19,0,34,249,26,1,310
11.12.19,0,29,285,28,6,348
12.12.19,0,36,268,29,5,338
13.12.19,0,10,78,247,15,350
14.12.19,0,4,39,224,15,282
15.12.19,0,16,102,193,15,326
16.12.19,0,36,276,27,3,342
17.12.19,0,41,245,23,3,312
18.12.19,0,40,267,30,2,339
19.12.19,0,44,265,28,11,348
20.12.19,0,46,185,138,10,379
21.12.19,0,50,184,81,4,319
22.12.19,0,15,44,252,22,333
23.12.19,0,6,99,220,12,337
24.12.19,0,37,206,22,2,267
25.12.19,0,0,0,240,20,260
26.12.19,0,36,225,57,7,325
27.12.19,0,42,277,26,4,349
28.12.19,0,44,175,63,4,286
29.12.19,0,38,197,75,5,315
30.12.19,0,37,250,25,2,314
31.12.19,0,29,225,8,2,264
01.11.19,0,47,263,31,11,352
02.11.19,0,45,175,55,7,282
03.11.19,0,32,149,133,10,324
04.11.19,0,34,159,142,7,342
05.11.19,0,42,257,20,6,325
06.11.19,0,36,273,25,9,343
07.11.19,0,48,245,30,5,328
08.11.19,0,49,276,29,7,361
09.11.19,0,46,172,51,11,280
10.11.19,0,37,238,62,6,343
11.11.19,0,35,270,27,4,336
12.11.19,0,34,242,20,6,302
13.11.19,0,32,266,27,4,329
14.11.19,0,37,258,28,6,329
15.11.19,0,47,279,31,3,360
16.11.19,0,40,181,46,5,272
17.11.19,0,36,215,76,4,331
18.11.19,0,34,279,23,5,341
19.11.19,0,33,259,22,2,316
20.11.19,0,35,277,22,8,342
21.11.19,0,39,273,25,4,341
22.11.19,0,43,296,11,8,358
23.11.19,0,39,166,60,5,270
24.11.19,0,30,219,74,7,330
25.11.19,0,36,262,30,3,331
26.11.19,0,29,269,8,6,312
27.11.19,0,39,254,26,8,327
28.11.19,0,0,35,291,13,339
29.11.19,0,31,235,78,6,350
30.11.19,0,35,159,63,5,262
01.10.19,0,36,205,124,9,374
02.10.19,0,40,192,163,5,400
03.10.19,0,36,240,111,5,392
04.10.19,0,40,220,154,5,419
05.10.19,0,48,222,101,5,376
06.10.19,0,50,235,107,7,399
07.10.19,0,44,307,43,3,397
08.10.19,0,41,283,43,5,372
09.10.19,0,43,317,44,5,409
10.10.19,0,12,137,235,14,398
11.10.19,0,43,324,45,6,418
12.10.19,0,46,222,88,5,361
13.10.19,0,48,241,104,4,397
14.10.19,0,40,313,30,15,398
15.10.19,0,14,146,163,22,345
16.10.19,0,35,291,43,11,380
17.10.19,0,40,300,46,7,393
18.10.19,0,44,282,71,6,403
19.10.19,0,50,219,92,10,371
20.10.19,0,42,289,51,16,398
21.10.19,0,36,312,45,6,399
22.10.19,0,33,298,33,8,372
23.10.19,0,37,293,46,5,381
24.10.19,0,38,304,44,7,393
25.10.19,0,42,306,41,11,400
26.10.19,0,40,258,32,18,348
27.10.19,0,33,225,91,5,354
28.10.19,0,38,277,29,5,349
29.10.19,0,36,257,24,2,319
30.10.19,0,37,276,33,6,352
31.10.19,0,43,272,32,6,353
01.09.19,0,50,236,106,4,396
02.09.19,0,51,308,46,1,406
03.09.19,0,40,305,37,11,393
04.09.19,0,38,324,53,4,419
05.09.19,0,38,318,49,3,408
06.09.19,0,51,303,50,5,409
07.09.19,0,42,212,96,5,355
08.09.19,0,46,247,109,4,406
09.09.19,0,37,322,38,6,403
10.09.19,0,41,288,47,5,381
11.09.19,0,37,324,46,9,416
12.09.19,0,35,326,47,4,412
13.09.19,0,46,321,43,9,419
14.09.19,0,53,218,86,4,361
15.09.19,0,45,290,62,8,405
16.09.19,0,36,324,36,12,408
17.09.19,0,33,298,48,4,383
18.09.19,98,41,212,49,2,402
19.09.19,194,37,119,59,5,414
20.09.19,0,50,311,42,6,409
21.09.19,0,49,212,91,7,359
22.09.19,0,50,243,110,4,407
23.09.19,0,47,308,45,4,404
24.09.19,0,46,291,35,8,380
25.09.19,0,38,168,189,9,404
26.09.19,0,40,308,46,5,399
27.09.19,0,36,172,196,9,413
28.09.19,0,35,173,155,5,368
29.09.19,0,47,243,105,6,401
30.09.19,0,4,54,329,7,394
01.08.19,0,58,298,24,8,388
02.08.19,0,45,294,52,4,395
03.08.19,0,24,177,164,12,377
04.08.19,0,50,251,103,9,413
05.08.19,0,47,306,45,4,402
06.08.19,0,50,272,50,4,376
07.08.19,0,51,279,48,7,385
08.08.19,0,43,299,49,5,396
09.08.19,0,49,295,53,4,401
10.08.19,0,52,230,94,7,383
11.08.19,10,52,200,131,7,400
12.08.19,0,43,306,46,2,397
13.08.19,0,35,298,43,8,384
14.08.19,0,45,306,44,7,402
15.08.19,0,44,232,112,6,394
16.08.19,0,43,317,44,6,410
17.08.19,0,51,234,93,6,384
18.08.19,0,43,169,192,10,414
19.08.19,0,45,333,24,6,408
20.08.19,0,42,294,40,5,381
21.08.19,169,44,133,43,10,399
22.08.19,0,43,291,51,4,389
23.08.19,0,55,314,50,2,421
24.08.19,0,50,266,55,4,375
25.08.19,0,58,238,101,6,403
26.08.19,0,47,302,49,3,401
27.08.19,0,51,276,46,6,379
28.08.19,0,52,308,49,4,413
29.08.19,54,50,242,48,5,399
30.08.19,0,54,312,50,2,418
31.08.19,0,59,216,88,5,368
01.07.19,0,52,299,49,3,403
02.07.19,0,43,312,46,5,406
03.07.19,0,53,302,48,6,409
04.07.19,0,50,313,51,4,418
05.07.19,0,46,341,46,4,437
06.07.19,0,59,207,108,6,380
07.07.19,0,28,100,246,13,387
08.07.19,0,57,299,50,5,411
09.07.19,0,52,297,46,7,402
10.07.19,0,54,311,49,5,419
11.07.19,0,46,310,52,6,414
12.07.19,0,57,279,78,3,417
13.07.19,0,54,240,98,6,398
14.07.19,0,53,177,186,8,424
15.07.19,0,64,286,47,7,404
16.07.19,0,52,288,44,5,389
17.07.19,0,49,305,46,7,407
18.07.19,0,45,314,51,5,415
19.07.19,0,56,316,45,5,422
20.07.19,0,50,132,183,12,377
21.07.19,0,57,230,106,4,397
22.07.19,0,57,305,47,2,411
23.07.19,0,62,278,43,5,388
24.07.19,0,56,311,45,7,419
25.07.19,0,75,282,43,7,407
26.07.19,0,70,277,54,7,408
27.07.19,0,65,231,77,11,384
28.07.19,0,18,66,308,9,401
29.07.19,0,60,300,42,5,407
30.07.19,0,44,269,66,7,386
31.07.19,0,51,303,50,5,409
01.06.19,0,47,222,92,4,365
02.06.19,0,46,247,109,4,406
03.06.19,0,32,287,82,2,403
04.06.19,0,44,297,34,7,382
05.06.19,67,58,247,35,8,415
06.06.19,0,8,127,253,4,392
07.06.19,0,42,228,155,4,429
08.06.19,0,54,217,88,7,366
09.06.19,0,52,238,102,3,395
10.06.19,0,50,273,52,14,389
11.06.19,0,38,309,52,6,405
12.06.19,0,36,335,47,5,423
13.06.19,0,42,321,47,4,414
14.06.19,73,48,241,50,6,418
15.06.19,0,5,51,303,12,371
16.06.19,0,44,255,102,5,406
17.06.19,0,52,314,42,6,414
18.06.19,0,52,311,20,11,394
19.06.19,0,48,316,54,2,420
20.06.19,0,54,222,116,10,402
21.06.19,0,47,313,47,7,414
22.06.19,0,48,223,90,8,369
23.06.19,0,47,286,50,18,401
24.06.19,0,51,300,55,6,412
25.06.19,0,42,303,41,7,393
26.06.19,0,54,303,51,8,416
27.06.19,0,15,101,270,14,400
28.06.19,0,58,297,50,8,413
29.06.19,27,70,174,99,9,379
30.06.19,0,52,232,118,8,410
01.05.19,0,44,270,43,17,374
02.05.19,0,26,168,178,6,378
03.05.19,0,38,307,43,5,393
04.05.19,0,8,57,279,13,357
05.05.19,0,31,128,211,5,375
06.05.19,0,32,316,42,1,391
07.05.19,0,29,312,44,4,389
08.05.19,0,37,281,65,7,390
09.05.19,0,4,64,304,9,381
10.05.19,0,38,322,40,5,405
11.05.19,0,12,64,274,13,363
12.05.19,39,38,187,108,7,379
13.05.19,241,36,58,55,4,394
14.05.19,216,25,85,46,7,379
15.05.19,250,35,53,51,5,394
16.05.19,0,40,308,49,9,406
17.05.19,0,45,309,47,9,410
18.05.19,0,43,212,83,13,351
19.05.19,0,40,238,103,5,386
20.05.19,0,45,301,44,3,393
21.05.19,0,8,119,238,9,374
22.05.19,0,33,301,45,8,387
23.05.19,0,41,305,43,12,401
24.05.19,0,46,312,46,5,409
25.05.19,0,54,193,109,5,361
26.05.19,0,40,236,103,3,382
27.05.19,0,44,315,40,8,407
28.05.19,0,35,270,61,8,374
29.05.19,0,39,300,61,8,408
30.05.19,0,42,291,41,14,388
31.05.19,0,43,303,45,7,398
01.04.19,0,39,294,35,9,377
02.04.19,0,34,306,28,4,372
03.04.19,0,30,180,154,10,374
04.04.19,0,41,284,44,7,376
05.04.19,87,50,212,40,6,395
06.04.19,0,43,204,99,9,355
07.04.19,0,34,131,201,11,377
08.04.19,0,32,300,41,14,387
09.04.19,0,42,293,46,2,383
10.04.19,0,47,282,41,8,378
11.04.19,63,47,221,49,6,386
12.04.19,0,50,304,40,7,401
13.04.19,0,34,140,177,7,358
14.04.19,0,39,229,102,7,377
15.04.19,161,44,139,39,6,389
16.04.19,0,43,283,38,6,370
17.04.19,0,49,288,45,6,388
18.04.19,0,54,310,47,6,417
19.04.19,0,49,244,94,8,395
20.04.19,81,45,131,87,5,349
21.04.19,0,44,221,92,7,364
22.04.19,0,52,238,85,4,379
23.04.19,0,53,266,41,8,368
24.04.19,35,39,180,106,10,370
25.04.19,165,47,114,57,8,391
26.04.19,0,38,304,48,3,393
27.04.19,0,30,116,202,11,359
28.04.19,0,19,182,172,8,381
29.04.19,0,33,302,42,4,381
30.04.19,0,33,287,35,11,366
01.03.19,0,0,0,357,11,368
02.03.19,0,38,186,73,6,303
03.03.19,0,21,144,167,10,342
04.03.19,0,15,77,248,8,348
05.03.19,0,0,0,314,6,320
06.03.19,0,36,277,34,3,350
07.03.19,0,20,104,227,6,357
08.03.19,0,36,297,34,3,370
09.03.19,0,0,0,288,16,304
10.03.19,0,0,3,339,8,350
11.03.19,0,0,0,337,10,347
12.03.19,0,36,260,29,1,326
13.03.19,0,0,0,338,10,348
14.03.19,0,0,60,293,11,364
15.03.19,0,1,14,333,17,365
16.03.19,0,6,36,243,17,302
17.03.19,0,6,33,292,18,349
18.03.19,0,33,293,32,8,366
19.03.19,0,35,274,24,4,337
20.03.19,134,33,153,36,3,359
21.03.19,0,42,279,30,8,359
22.03.19,0,38,289,35,3,365
23.03.19,0,41,169,83,11,304
24.03.19,0,34,114,191,6,345
25.03.19,0,1,100,249,10,360
26.03.19,0,38,277,31,3,349
27.03.19,168,38,107,40,4,357
28.03.19,190,35,86,39,6,356
29.03.19,0,39,304,29,8,380
30.03.19,0,45,167,89,6,307
31.03.19,100,45,104,99,10,358
01.02.19,0,35,272,39,5,351
02.02.19,0,46,217,9,10,282
03.02.19,0,32,195,91,10,328
04.02.19,0,37,254,29,3,323
05.02.19,0,29,268,26,2,325
06.02.19,0,31,277,33,4,345
07.02.19,0,36,273,30,5,344
08.02.19,0,38,291,28,4,361
09.02.19,0,5,59,218,16,298
10.02.19,0,32,101,197,7,337
11.02.19,0,34,269,34,3,340
12.02.19,0,31,264,24,3,322
13.02.19,0,30,287,28,6,351
14.02.19,0,33,291,32,4,360
15.02.19,0,32,297,33,2,364
16.02.19,0,34,187,84,4,309
17.02.19,0,32,220,92,5,349
18.02.19,0,31,277,28,4,340
19.02.19,0,31,276,26,3,336
20.02.19,0,32,282,35,5,354
21.02.19,0,30,303,32,4,369
22.02.19,85,36,214,40,5,380
23.02.19,148,43,35,85,6,317
24.02.19,0,37,219,88,10,354
25.02.19,39,32,244,32,4,351
26.02.19,0,31,269,28,2,330
27.02.19,0,39,291,38,2,370
28.02.19,0,27,159,173,5,364
01.01.19,0,33,181,77,3,294
02.01.19,0,0,16,323,14,353
03.01.19,0,27,264,42,3,336
04.01.19,0,30,287,39,2,358
05.01.19,0,40,195,77,5,317
06.01.19,0,33,228,88,6,355
07.01.19,0,30,282,34,2,348
08.01.19,0,34,242,38,6,320
09.01.19,0,16,183,132,10,341
10.01.19,0,40,243,32,4,319
11.01.19,0,33,272,39,4,348
12.01.19,0,35,177,75,6,293
13.01.19,0,2,0,329,8,339
14.01.19,0,4,79,244,12,339
15.01.19,0,36,258,27,4,325
16.01.19,0,30,280,31,6,347
17.01.19,0,9,101,228,9,347
18.01.19,0,30,312,29,3,374
19.01.19,0,30,185,78,5,298
20.01.19,0,33,229,90,3,355
21.01.19,0,31,322,32,1,386
22.01.19,0,31,276,29,3,339
23.01.19,0,31,285,36,5,357
24.01.19,0,34,196,159,5,394
25.01.19,0,40,369,34,4,447
26.01.19,0,41,224,26,9,300
27.01.19,0,36,183,111,6,336
28.01.19,0,34,272,33,4,343
29.01.19,0,33,257,26,2,318
30.01.19,0,31,266,36,3,336
31.01.19,0,40,275,32,6,353
